UserId,Data
D1,lorem ipsum
R2,lorem ipsum
D3,lorem ipsum
R4,lorem ipsum
D5,lorem ipsum
R6,lorem ipsum
D7,lorem ipsum
R8,lorem ipsum
D9,lorem ipsum
D10,lorem ipsum
D11,lorem ipsum
D12,lorem ipsum
D13,lorem ipsum
D14,lorem ipsum
D15,lorem ipsum
D16,lorem ipsum
D17,lorem ipsum
D18,lorem ipsum
D19,lorem ipsum
R20,lorem ipsum
D21,lorem ipsum
R22,lorem ipsum
D23,lorem ipsum
R24,lorem ipsum
D25,lorem ipsum
D26,lorem ipsum
D27,lorem ipsum
D28,lorem ipsum
D29,lorem ipsum
R30,lorem ipsum
D31,lorem ipsum
D32,lorem ipsum
D33,lorem ipsum
D34,lorem ipsum
D36,lorem ipsum
D38,lorem ipsum
D39,lorem ipsum
D40,lorem ipsum
D41,lorem ipsum
D42,lorem ipsum
D43,lorem ipsum
D44,lorem ipsum
D45,lorem ipsum
D46,lorem ipsum
D47,lorem ipsum
D48,lorem ipsum
D49,lorem ipsum
D50,lorem ipsum
D51,lorem ipsum
D52,lorem ipsum
D53,lorem ipsum
R54,lorem ipsum
D55,lorem ipsum
R56,lorem ipsum
D57,lorem ipsum
D58,lorem ipsum
D59,lorem ipsum
D60,lorem ipsum
D61,lorem ipsum
D62,lorem ipsum
R63,lorem ipsum
D64,lorem ipsum
D65,lorem ipsum
D66,lorem ipsum
D67,lorem ipsum
D68,lorem ipsum
D69,lorem ipsum
D70,lorem ipsum
D71,lorem ipsum
D72,lorem ipsum
D73,lorem ipsum
D74,lorem ipsum
D75,lorem ipsum
D76,lorem ipsum
D77,lorem ipsum
D78,lorem ipsum
D79,lorem ipsum
D80,lorem ipsum
D81,lorem ipsum
D82,lorem ipsum
D83,lorem ipsum
D84,lorem ipsum
D85,lorem ipsum
D86,lorem ipsum
R87,lorem ipsum
D88,lorem ipsum
R89,lorem ipsum
D90,lorem ipsum
D91,lorem ipsum
D92,lorem ipsum
D93,lorem ipsum
D94,lorem ipsum
D95,lorem ipsum
R96,lorem ipsum
D97,lorem ipsum
D98,lorem ipsum
D99,lorem ipsum
D100,lorem ipsum
D101,lorem ipsum
D102,lorem ipsum
D103,lorem ipsum
D104,lorem ipsum
D105,lorem ipsum
D106,lorem ipsum
D107,lorem ipsum
D108,lorem ipsum
D109,lorem ipsum
D110,lorem ipsum
D111,lorem ipsum
R112,lorem ipsum
D113,lorem ipsum
R114,lorem ipsum
D115,lorem ipsum
D116,lorem ipsum
D117,lorem ipsum
D118,lorem ipsum
D119,lorem ipsum
D120,lorem ipsum
R121,lorem ipsum
D122,lorem ipsum
R123,lorem ipsum
D124,lorem ipsum
D125,lorem ipsum
D126,lorem ipsum
D127,lorem ipsum
D128,lorem ipsum
D129,lorem ipsum
R130,lorem ipsum
D131,lorem ipsum
R132,lorem ipsum
D133,lorem ipsum
D134,lorem ipsum
D135,lorem ipsum
D136,lorem ipsum
D137,lorem ipsum
D138,lorem ipsum
R139,lorem ipsum
D140,lorem ipsum
R141,lorem ipsum
D142,lorem ipsum
R143,lorem ipsum
D144,lorem ipsum
D145,lorem ipsum
D147,lorem ipsum
D148,lorem ipsum
D150,lorem ipsum
D154,lorem ipsum
D156,lorem ipsum
D157,lorem ipsum
D159,lorem ipsum
D160,lorem ipsum
D161,lorem ipsum
R162,lorem ipsum
D163,lorem ipsum
R164,lorem ipsum
D165,lorem ipsum
D166,lorem ipsum
D167,lorem ipsum
D168,lorem ipsum
D169,lorem ipsum
D170,lorem ipsum
R171,lorem ipsum
D172,lorem ipsum
R173,lorem ipsum
D174,lorem ipsum
D175,lorem ipsum
R176,lorem ipsum
D177,lorem ipsum
R178,lorem ipsum
D179,lorem ipsum
D180,lorem ipsum
D181,lorem ipsum
D182,lorem ipsum
D183,lorem ipsum
D185,lorem ipsum
D189,lorem ipsum
D191,lorem ipsum
D192,lorem ipsum
R193,lorem ipsum
D194,lorem ipsum
R195,lorem ipsum
D196,lorem ipsum
D197,lorem ipsum
D198,lorem ipsum
D199,lorem ipsum
D200,lorem ipsum
D201,lorem ipsum
D202,lorem ipsum
D203,lorem ipsum
D204,lorem ipsum
R205,lorem ipsum
D206,lorem ipsum
R207,lorem ipsum
D208,lorem ipsum
