New Id,Username,Gender,Age
U1,Default,M,0
U2,Anonymous,M,0
U3,Anonymous,M,0
U4,Anonymous,M,0
U5,Anonymous,M,0
U6,Anonymous,M,0
U7,Anonymous,M,0
U8,Anonymous,M,0
U9,Anonymous,M,0
U10,Anonymous,M,0
U11,Anonymous,M,0
U12,Anonymous,M,0
U13,Anonymous,M,0
U14,Anonymous,M,0
U15,Anonymous,M,0
U16,Anonymous,M,0
U17,Anonymous,M,0
U18,Anonymous,M,0
U19,Anonymous,M,0
U20,Anonymous,M,0
U21,Anonymous,M,0
U22,Anonymous,M,0
U23,Anonymous,M,0
U24,Anonymous,M,0
U25,Anonymous,M,0
U26,Anonymous,M,0
U27,Anonymous,M,0
U28,Anonymous,M,0
U29,Anonymous,M,0
U30,Anonymous,M,0
U31,Anonymous,M,0
U32,Anonymous,M,0
U33,Anonymous,M,0
U34,Anonymous,M,0
U35,Anonymous,M,0
U36,Anonymous,M,0
U37,Anonymous,M,0
U38,Anonymous,M,0
U39,Anonymous,M,0
U40,Anonymous,M,0
U41,Anonymous,M,0
U42,Anonymous,M,0
U43,Anonymous,M,0
U44,Anonymous,M,0
U45,Anonymous,M,0
U46,Anonymous,M,0
U47,Anonymous,M,0
U48,Anonymous,M,0
U49,Anonymous,M,0
U50,Anonymous,M,0
U51,Anonymous,M,0
U52,Anonymous,M,0
U53,Anonymous,M,0
U54,Anonymous,M,0
U55,Anonymous,M,0
U56,Anonymous,M,0
U57,Anonymous,M,0
U58,Anonymous,M,0
U59,Anonymous,M,0
U60,Anonymous,M,0
U61,Anonymous,M,0
U62,Anonymous,M,0
U63,Anonymous,M,0
U64,Anonymous,M,0
U65,Anonymous,M,0
U66,Anonymous,M,0
U67,Anonymous,M,0
U68,Anonymous,M,0
U69,Anonymous,M,0
U70,Anonymous,M,0
U71,Anonymous,M,0
U72,Anonymous,M,0
U73,Anonymous,M,0
U74,Anonymous,M,0
U75,Anonymous,M,0
U76,Anonymous,M,0
U77,Anonymous,M,0
U78,Anonymous,M,0
U79,Anonymous,M,0
U80,Anonymous,M,0
U81,Anonymous,M,0
U82,Anonymous,M,0
U83,Anonymous,M,0
U84,Anonymous,M,0
U85,Anonymous,M,0
U86,Anonymous,M,0
U87,Anonymous,M,0
U88,Anonymous,M,0
U89,Anonymous,M,0
U90,Anonymous,M,0
U91,Anonymous,M,0
U92,Anonymous,M,0
U93,Anonymous,M,0
U94,Anonymous,M,0
U95,Anonymous,M,0
U96,Anonymous,M,0
U97,Anonymous,M,0
U98,Anonymous,M,0
U99,Anonymous,M,0
U100,Anonymous,M,0
U101,Anonymous,M,0
U102,Anonymous,M,0
U103,Anonymous,M,0
U104,Anonymous,M,0
U105,Anonymous,M,0
U106,Anonymous,M,0
U107,Anonymous,M,0
U108,Anonymous,M,0
U109,Anonymous,M,0
U110,Anonymous,M,0
U111,Anonymous,M,0
U112,Anonymous,M,0
U113,Anonymous,M,0
U114,Anonymous,M,0
U115,Anonymous,M,0
U116,Anonymous,M,0
U117,Anonymous,M,0
U118,Anonymous,M,0
U119,Anonymous,M,0
U120,Anonymous,M,0
U121,Anonymous,M,0
U122,Anonymous,M,0
U123,Anonymous,M,0
U124,Anonymous,M,0
U125,Anonymous,M,0
U126,Anonymous,M,0
U127,Anonymous,M,0
U128,Anonymous,M,0
U129,Anonymous,M,0
U130,Anonymous,M,0
U131,Anonymous,M,0
U132,Anonymous,M,0
U133,Anonymous,M,0
U134,Anonymous,M,0
U135,Anonymous,M,0
U136,Anonymous,M,0
U137,Anonymous,M,0
U138,Anonymous,M,0
U139,Anonymous,M,0
U140,Anonymous,M,0
U141,Anonymous,M,0
U142,Anonymous,M,0
U143,Anonymous,M,0
U144,Anonymous,M,0
U145,Anonymous,M,0
U146,Anonymous,M,0
U147,Anonymous,M,0
U148,Anonymous,M,0
U149,Anonymous,M,0
U150,Anonymous,M,0
U151,Anonymous,M,0
U152,Anonymous,M,0
U153,Anonymous,M,0
U154,Anonymous,M,0
U155,Anonymous,M,0
U156,Anonymous,M,0
U157,Anonymous,M,0
U158,Anonymous,M,0
U159,Anonymous,M,0
U160,Anonymous,M,0
U161,Anonymous,M,0
U162,Anonymous,M,0
U163,Anonymous,M,0
U164,Anonymous,M,0
U165,Anonymous,M,0
U166,Anonymous,M,0
U167,Anonymous,M,0
U168,Anonymous,M,0
U169,Anonymous,M,0
U170,Anonymous,M,0
U171,Anonymous,M,0
U172,Anonymous,M,0
U173,Anonymous,M,0
U174,Anonymous,M,0
U175,Anonymous,M,0
U176,Anonymous,M,0
U177,Anonymous,M,0
U178,Anonymous,M,0
U179,Anonymous,M,0
U180,Anonymous,M,0
U181,Anonymous,M,0
U182,Anonymous,M,0
U183,Anonymous,M,0
U184,Anonymous,M,0
U185,Anonymous,M,0
U186,Anonymous,M,0
U187,Anonymous,M,0
U188,Anonymous,M,0
U189,Anonymous,M,0
U190,Anonymous,M,0
U191,Anonymous,M,0
U192,Anonymous,M,0
U193,Anonymous,M,0
U194,Anonymous,M,0
U195,Anonymous,M,0
U196,Anonymous,M,0
U197,Anonymous,M,0
U198,Anonymous,M,0
U199,Anonymous,M,0
U200,Anonymous,M,0
U201,Anonymous,M,0
U202,Anonymous,M,0
U203,Anonymous,M,0
U204,Anonymous,M,0
U205,Anonymous,M,0
U206,Anonymous,M,0
U207,Anonymous,M,0
U208,Anonymous,M,0
U209,Anonymous,M,0
U210,Anonymous,M,0
U211,Anonymous,M,0
U212,Anonymous,M,0
U213,Anonymous,M,0
U214,Anonymous,M,0
U215,Anonymous,M,0
U216,Anonymous,M,0
U217,Anonymous,M,0
U218,Anonymous,M,0
U219,Anonymous,M,0
U220,Anonymous,M,0
U221,Anonymous,M,0
U222,Anonymous,M,0
U223,Anonymous,M,0
U224,Anonymous,M,0
U225,Anonymous,M,0
U226,Anonymous,M,0
U227,Anonymous,M,0
U228,Anonymous,M,0
U229,Anonymous,M,0
U230,Anonymous,M,0
U231,Anonymous,M,0
U232,Anonymous,M,0
U233,Anonymous,M,0
U234,Anonymous,M,0
U235,Anonymous,M,0
U236,Anonymous,M,0
U237,Anonymous,M,0
U238,Anonymous,M,0
U239,Anonymous,M,0
U240,Anonymous,M,0
U241,Anonymous,M,0
U242,Anonymous,M,0
U243,Anonymous,M,0
U244,Anonymous,M,0
U245,Anonymous,M,0
U246,Anonymous,M,0
U247,Anonymous,M,0
U248,Anonymous,M,0
U249,Anonymous,M,0
U250,Anonymous,M,0
U251,Anonymous,M,0
U252,Anonymous,M,0
U253,Anonymous,M,0
U254,Anonymous,M,0
U255,Anonymous,M,0
U256,Anonymous,M,0
U257,Anonymous,M,0
U258,Anonymous,M,0
U259,Anonymous,M,0
U260,Anonymous,M,0
U261,Anonymous,M,0
U262,Anonymous,M,0
U263,Anonymous,M,0
U264,Anonymous,M,0
U265,Anonymous,M,0
U266,Anonymous,M,0
U267,Anonymous,M,0
U268,Anonymous,M,0
U269,Anonymous,M,0
U270,Anonymous,M,0
U271,Anonymous,M,0
U272,Anonymous,M,0
U273,Anonymous,M,0
U274,Anonymous,M,0
U275,Anonymous,M,0
U276,Anonymous,M,0
U277,Anonymous,M,0
U278,Anonymous,M,0
U279,Anonymous,M,0
U280,Anonymous,M,0
U281,Anonymous,M,0
U282,Anonymous,M,0
U283,Anonymous,M,0
U284,Anonymous,M,0
U285,Anonymous,M,0
U286,Anonymous,M,0
U287,Anonymous,M,0
U288,Anonymous,M,0
U289,Anonymous,M,0
U290,Anonymous,M,0
U291,Anonymous,M,0
U292,Anonymous,M,0
U293,Anonymous,M,0
U294,Anonymous,M,0
U295,Anonymous,M,0
U296,Anonymous,M,0
U297,Anonymous,M,0
U298,Anonymous,M,0
U299,Anonymous,M,0
U300,Anonymous,M,0
U301,Anonymous,M,0
U302,Anonymous,M,0
U303,Anonymous,M,0
U304,Anonymous,M,0
U305,Anonymous,M,0
U306,Anonymous,M,0
U307,Anonymous,M,0
U308,Anonymous,M,0
U309,Anonymous,M,0
U310,Anonymous,M,0
U311,Anonymous,M,0
U312,Anonymous,M,0
U313,Anonymous,M,0
U314,Anonymous,M,0
U315,Anonymous,M,0
U316,Anonymous,M,0
U317,Anonymous,M,0
U318,Anonymous,M,0
U319,Anonymous,M,0
U320,Anonymous,M,0
U321,Anonymous,M,0
U322,Anonymous,M,0
U323,Anonymous,M,0
U324,Anonymous,M,0
U325,Anonymous,M,0
U326,Anonymous,M,0
U327,Anonymous,M,0
U328,Anonymous,M,0
U329,Anonymous,M,0
U330,Anonymous,M,0
U331,Anonymous,M,0
U332,Anonymous,M,0
U333,Anonymous,M,0
U334,Anonymous,M,0
U335,Anonymous,M,0
U336,Anonymous,M,0
U337,Anonymous,M,0
U338,Anonymous,M,0
U339,Anonymous,M,0
U340,Anonymous,M,0
U341,Anonymous,M,0
U342,Anonymous,M,0
U343,Anonymous,M,0
U344,Anonymous,M,0
U345,Anonymous,M,0
U346,Anonymous,M,0
U347,Anonymous,M,0
U348,Anonymous,M,0
U349,Anonymous,M,0
U350,Anonymous,M,0
U351,Anonymous,M,0
U352,Anonymous,M,0
U353,Anonymous,M,0
U354,Anonymous,M,0
U355,Anonymous,M,0
U356,Anonymous,M,0
U357,Anonymous,M,0
U358,Anonymous,M,0
U359,Anonymous,M,0
U360,Anonymous,M,0
U361,Anonymous,M,0
U362,Anonymous,M,0
U363,Anonymous,M,0
U364,Anonymous,M,0
U365,Anonymous,M,0
U366,Anonymous,M,0
U367,Anonymous,M,0
U368,Anonymous,M,0
U369,Anonymous,M,0
U370,Anonymous,M,0
U371,Anonymous,M,0
U372,Anonymous,M,0
U373,Anonymous,M,0
U374,Anonymous,M,0
U375,Anonymous,M,0
U376,Anonymous,M,0
U377,Anonymous,M,0
U378,Anonymous,M,0
U379,Anonymous,M,0
U380,Anonymous,M,0
U381,Anonymous,M,0
U382,Anonymous,M,0
U383,Anonymous,M,0
U384,Anonymous,M,0
U385,Anonymous,M,0
U386,Anonymous,M,0
U387,Anonymous,M,0
U388,Anonymous,M,0
U389,Anonymous,M,0
U390,Anonymous,M,0
U391,Anonymous,M,0
U392,Anonymous,M,0
U393,Anonymous,M,0
U394,Anonymous,M,0
U395,Anonymous,M,0
U396,Anonymous,M,0
U397,Anonymous,M,0
U398,Anonymous,M,0
U399,Anonymous,M,0
U400,Anonymous,M,0
U401,Anonymous,M,0
U402,Anonymous,M,0
U403,Anonymous,M,0
U404,Anonymous,M,0
U405,Anonymous,M,0
U406,Anonymous,M,0
U407,Anonymous,M,0
U408,Anonymous,M,0
U409,Anonymous,M,0
U410,Anonymous,M,0
U411,Anonymous,M,0
U412,Anonymous,M,0
U413,Anonymous,M,0
U414,Anonymous,M,0
U415,Anonymous,M,0
U416,Anonymous,M,0
U417,Anonymous,M,0
U418,Anonymous,M,0
U419,Anonymous,M,0
U420,Anonymous,M,0
U421,Anonymous,M,0
U422,Anonymous,M,0
U423,Anonymous,M,0
U424,Anonymous,M,0
U425,Anonymous,M,0
U426,Anonymous,M,0
U427,Anonymous,M,0
U428,Anonymous,M,0
U429,Anonymous,M,0
U430,Anonymous,M,0
U431,Anonymous,M,0
U432,Anonymous,M,0
U433,Anonymous,M,0
U434,Anonymous,M,0
U435,Anonymous,M,0
U436,Anonymous,M,0
U437,Anonymous,M,0
U438,Anonymous,M,0
U439,Anonymous,M,0
U440,Anonymous,M,0
U441,Anonymous,M,0
U442,Anonymous,M,0
U443,Anonymous,M,0
U444,Anonymous,M,0
U445,Anonymous,M,0
U446,Anonymous,M,0
U447,Anonymous,M,0
U448,Anonymous,M,0
U449,Anonymous,M,0
U450,Anonymous,M,0
U451,Anonymous,M,0
U452,Anonymous,M,0
U453,Anonymous,M,0
U454,Anonymous,M,0
U455,Anonymous,M,0
U456,Anonymous,M,0
U457,Anonymous,M,0
U458,Anonymous,M,0
U459,Anonymous,M,0
U460,Anonymous,M,0
U461,Anonymous,M,0
U462,Anonymous,M,0
U463,Anonymous,M,0
U464,Anonymous,M,0
U465,Anonymous,M,0
U466,Anonymous,M,0
U467,Anonymous,M,0
U468,Anonymous,M,0
U469,Anonymous,M,0
U470,Anonymous,M,0
U471,Anonymous,M,0
U472,Anonymous,M,0
U473,Anonymous,M,0
U474,Anonymous,M,0
U475,Anonymous,M,0
U476,Anonymous,M,0
U477,Anonymous,M,0
U478,Anonymous,M,0
U479,Anonymous,M,0
U480,Anonymous,M,0
U481,Anonymous,M,0
U482,Anonymous,M,0
U483,Anonymous,M,0
U484,Anonymous,M,0
U485,Anonymous,M,0
U486,Anonymous,M,0
U487,Anonymous,M,0
U488,Anonymous,M,0
U489,Anonymous,M,0
U490,Anonymous,M,0
U491,Anonymous,M,0
U492,Anonymous,M,0
U493,Anonymous,M,0
U494,Anonymous,M,0
U495,Anonymous,M,0
U496,Anonymous,M,0
U497,Anonymous,M,0
U498,Anonymous,M,0
U499,Anonymous,M,0
U500,Anonymous,M,0
U501,Anonymous,M,0
U502,Anonymous,M,0
U503,Anonymous,M,0
U504,Anonymous,M,0
U505,Anonymous,M,0
U506,Anonymous,M,0
U507,Anonymous,M,0
U508,Anonymous,M,0
U509,Anonymous,M,0
U510,Anonymous,M,0
U511,Anonymous,M,0
U512,Anonymous,M,0
U513,Anonymous,M,0
U514,Anonymous,M,0
U515,Anonymous,M,0
U516,Anonymous,M,0
U517,Anonymous,M,0
U518,Anonymous,M,0
U519,Anonymous,M,0
U520,Anonymous,M,0
U521,Anonymous,M,0
U522,Anonymous,M,0
U523,Anonymous,M,0
U524,Anonymous,M,0
U525,Anonymous,M,0
U526,Anonymous,M,0
U527,Anonymous,M,0
U528,Anonymous,M,0
U529,Anonymous,M,0
U530,Anonymous,M,0
U531,Anonymous,M,0
U532,Anonymous,M,0
U533,Anonymous,M,0
U534,Anonymous,M,0
U535,Anonymous,M,0
U536,Anonymous,M,0
U537,Anonymous,M,0
U538,Anonymous,M,0
U539,Anonymous,M,0
U540,Anonymous,M,0
U541,Anonymous,M,0
U542,Anonymous,M,0
U543,Anonymous,M,0
U544,Anonymous,M,0
U545,Anonymous,M,0
U546,Anonymous,M,0
U547,Anonymous,M,0
U548,Anonymous,M,0
U549,Anonymous,M,0
U550,Anonymous,M,0
U551,Anonymous,M,0
U552,Anonymous,M,0
U553,Anonymous,M,0
U554,Anonymous,M,0
U555,Anonymous,M,0
U556,Anonymous,M,0
U557,Anonymous,M,0
U558,Anonymous,M,0
U559,Anonymous,M,0
U560,Anonymous,M,0
U561,Anonymous,M,0
U562,Anonymous,M,0
U563,Anonymous,M,0
U564,Anonymous,M,0
U565,Anonymous,M,0
U566,Anonymous,M,0
U567,Anonymous,M,0
U568,Anonymous,M,0
U569,Anonymous,M,0
U570,Anonymous,M,0
U571,Anonymous,M,0
U572,Anonymous,M,0
U573,Anonymous,M,0
U574,Anonymous,M,0
U575,Anonymous,M,0
U576,Anonymous,M,0
U577,Anonymous,M,0
U578,Anonymous,M,0
U579,Anonymous,M,0
U580,Anonymous,M,0
U581,Anonymous,M,0
U582,Anonymous,M,0
U583,Anonymous,M,0
U584,Anonymous,M,0
U585,Anonymous,M,0
U586,Anonymous,M,0
U587,Anonymous,M,0
U588,Anonymous,M,0
U589,Anonymous,M,0
U590,Anonymous,M,0
U591,Anonymous,M,0
U592,Anonymous,M,0
U593,Anonymous,M,0
U594,Anonymous,M,0
U595,Anonymous,M,0
U596,Anonymous,M,0
U597,Anonymous,M,0
U598,Anonymous,M,0
U599,Anonymous,M,0
U600,Anonymous,M,0
U601,Anonymous,M,0
U602,Anonymous,M,0
U603,Anonymous,M,0
U604,Anonymous,M,0
U605,Anonymous,M,0
U606,Anonymous,M,0
U607,Anonymous,M,0
U608,Anonymous,M,0
U609,Anonymous,M,0
U610,Anonymous,M,0
U611,Anonymous,M,0
U612,Anonymous,M,0
U613,Anonymous,M,0
U614,Anonymous,M,0
U615,Anonymous,M,0
U616,Anonymous,M,0
U617,Anonymous,M,0
U618,Anonymous,M,0
U619,Anonymous,M,0
U620,Anonymous,M,0
U621,Anonymous,M,0
U622,Anonymous,M,0
U623,Anonymous,M,0
U624,Anonymous,M,0
U625,Anonymous,M,0
U626,Anonymous,M,0
U627,Anonymous,M,0
U628,Anonymous,M,0
U629,Anonymous,M,0
U630,Anonymous,M,0
U631,Anonymous,M,0
U632,Anonymous,M,0
U633,Anonymous,M,0
U634,Anonymous,M,0
U635,Anonymous,M,0
U636,Anonymous,M,0
U637,Anonymous,M,0
U638,Anonymous,M,0
U639,Anonymous,M,0
U640,Anonymous,M,0
U641,Anonymous,M,0
U642,Anonymous,M,0
U643,Anonymous,M,0
U644,Anonymous,M,0
U645,Anonymous,M,0
U646,Anonymous,M,0
U647,Anonymous,M,0
U648,Anonymous,M,0
U649,Anonymous,M,0
U650,Anonymous,M,0
U651,Anonymous,M,0
U652,Anonymous,M,0
U653,Anonymous,M,0
U654,Anonymous,M,0
U655,Anonymous,M,0
U656,Anonymous,M,0
U657,Anonymous,M,0
U658,Anonymous,M,0
U659,Anonymous,M,0
U660,Anonymous,M,0
U661,Anonymous,M,0
U662,Anonymous,M,0
U663,Anonymous,M,0
U664,Anonymous,M,0
U665,Anonymous,M,0
U666,Anonymous,M,0
U667,Anonymous,M,0
U668,Anonymous,M,0
U669,Anonymous,M,0
U670,Anonymous,M,0
U671,Anonymous,M,0
U672,Anonymous,M,0
U673,Anonymous,M,0
U674,Anonymous,M,0
U675,Anonymous,M,0
U676,Anonymous,M,0
U677,Anonymous,M,0
U678,Anonymous,M,0
U679,Anonymous,M,0
U680,Anonymous,M,0
U681,Anonymous,M,0
U682,Anonymous,M,0
U683,Anonymous,M,0
U684,Anonymous,M,0
U685,Anonymous,M,0
U686,Anonymous,M,0
U687,Anonymous,M,0
U688,Anonymous,M,0
U689,Anonymous,M,0
U690,Anonymous,M,0
U691,Anonymous,M,0
U692,Anonymous,M,0
U693,Anonymous,M,0
U694,Anonymous,M,0
U695,Anonymous,M,0
U696,Anonymous,M,0
U697,Anonymous,M,0
U698,Anonymous,M,0
U699,Anonymous,M,0
U700,Anonymous,M,0
U701,Anonymous,M,0
U702,Anonymous,M,0
U703,Anonymous,M,0
U704,Anonymous,M,0
U705,Anonymous,M,0
U706,Anonymous,M,0
U707,Anonymous,M,0
U708,Anonymous,M,0
U709,Anonymous,M,0
U710,Anonymous,M,0
U711,Anonymous,M,0
U712,Anonymous,M,0
U713,Anonymous,M,0
U714,Anonymous,M,0
U715,Anonymous,M,0
U716,Anonymous,M,0
U717,Anonymous,M,0
U718,Anonymous,M,0
U719,Anonymous,M,0
U720,Anonymous,M,0
U721,Anonymous,M,0
U722,Anonymous,M,0
U723,Anonymous,M,0
U724,Anonymous,M,0
U725,Anonymous,M,0
U726,Anonymous,M,0
U727,Anonymous,M,0
U728,Anonymous,M,0
U729,Anonymous,M,0
U730,Anonymous,M,0
U731,Anonymous,M,0
U732,Anonymous,M,0
U733,Anonymous,M,0
U734,Anonymous,M,0
U735,Anonymous,M,0
U736,Anonymous,M,0
U737,Anonymous,M,0
U738,Anonymous,M,0
U739,Anonymous,M,0
U740,Anonymous,M,0
U741,Anonymous,M,0
U742,Anonymous,M,0
U743,Anonymous,M,0
U744,Anonymous,M,0
U745,Anonymous,M,0
U746,Anonymous,M,0
U747,Anonymous,M,0
U748,Anonymous,M,0
U749,Anonymous,M,0
U750,Anonymous,M,0
U751,Anonymous,M,0
U752,Anonymous,M,0
U753,Anonymous,M,0
U754,Anonymous,M,0
U755,Anonymous,M,0
U756,Anonymous,M,0
U757,Anonymous,M,0
U758,Anonymous,M,0
U759,Anonymous,M,0
U760,Anonymous,M,0
U761,Anonymous,M,0
U762,Anonymous,M,0
U763,Anonymous,M,0
U764,Anonymous,M,0
U765,Anonymous,M,0
U766,Anonymous,M,0
U767,Anonymous,M,0
U768,Anonymous,M,0
U769,Anonymous,M,0
U770,Anonymous,M,0
U771,Anonymous,M,0
U772,Anonymous,M,0
U773,Anonymous,M,0
U774,Anonymous,M,0
U775,Anonymous,M,0
U776,Anonymous,M,0
U777,Anonymous,M,0
U778,Anonymous,M,0
U779,Anonymous,M,0
U780,Anonymous,M,0
U781,Anonymous,M,0
U782,Anonymous,M,0
U783,Anonymous,M,0
U784,Anonymous,M,0
U785,Anonymous,M,0
U786,Anonymous,M,0
U787,Anonymous,M,0
U788,Anonymous,M,0
U789,Anonymous,M,0
U790,Anonymous,M,0
U791,Anonymous,M,0
U792,Anonymous,M,0
U793,Anonymous,M,0
U794,Anonymous,M,0
U795,Anonymous,M,0
U796,Anonymous,M,0
U797,Anonymous,M,0
U798,Anonymous,M,0
U799,Anonymous,M,0
U800,Anonymous,M,0
U801,Anonymous,M,0
U802,Anonymous,M,0
U803,Anonymous,M,0
U804,Anonymous,M,0
U805,Anonymous,M,0
U806,Anonymous,M,0
U807,Anonymous,M,0
U808,Anonymous,M,0
U809,Anonymous,M,0
U810,Anonymous,M,0
U811,Anonymous,M,0
U812,Anonymous,M,0
U813,Anonymous,M,0
U814,Anonymous,M,0
U815,Anonymous,M,0
U816,Anonymous,M,0
U817,Anonymous,M,0
U818,Anonymous,M,0
U819,Anonymous,M,0
U820,Anonymous,M,0
U821,Anonymous,M,0
U822,Anonymous,M,0
U823,Anonymous,M,0
U824,Anonymous,M,0
U825,Anonymous,M,0
U826,Anonymous,M,0
U827,Anonymous,M,0
U828,Anonymous,M,0
U829,Anonymous,M,0
U830,Anonymous,M,0
U831,Anonymous,M,0
U832,Anonymous,M,0
U833,Anonymous,M,0
U834,Anonymous,M,0
U835,Anonymous,M,0
U836,Anonymous,M,0
U837,Anonymous,M,0
U838,Anonymous,M,0
U839,Anonymous,M,0
U840,Anonymous,M,0
U841,Anonymous,M,0
U842,Anonymous,M,0
U843,Anonymous,M,0
U844,Anonymous,M,0
U845,Anonymous,M,0
U846,Anonymous,M,0
U847,Anonymous,M,0
U848,Anonymous,M,0
U849,Anonymous,M,0
U850,Anonymous,M,0
U851,Anonymous,M,0
U852,Anonymous,M,0
U853,Anonymous,M,0
U854,Anonymous,M,0
U855,Anonymous,M,0
U856,Anonymous,M,0
U857,Anonymous,M,0
U858,Anonymous,M,0
U859,Anonymous,M,0
U860,Anonymous,M,0
U861,Anonymous,M,0
U862,Anonymous,M,0
U863,Anonymous,M,0
U864,Anonymous,M,0
U865,Anonymous,M,0
U866,Anonymous,M,0
U867,Anonymous,M,0
U868,Anonymous,M,0
U869,Anonymous,M,0
U870,Anonymous,M,0
U871,Anonymous,M,0
U872,Anonymous,M,0
U873,Anonymous,M,0
U874,Anonymous,M,0
U875,Anonymous,M,0
U876,Anonymous,M,0
U877,Anonymous,M,0
U878,Anonymous,M,0
U879,Anonymous,M,0
U880,Anonymous,M,0
U881,Anonymous,M,0
U882,Anonymous,M,0
U883,Anonymous,M,0
U884,Anonymous,M,0
U885,Anonymous,M,0
U886,Anonymous,M,0
U887,Anonymous,M,0
U888,Anonymous,M,0
U889,Anonymous,M,0
U890,Anonymous,M,0
U891,Anonymous,M,0
U892,Anonymous,M,0
U893,Anonymous,M,0
U894,Anonymous,M,0
U895,Anonymous,M,0
U896,Anonymous,M,0
U897,Anonymous,M,0
U898,Anonymous,M,0
U899,Anonymous,M,0
U900,Anonymous,M,0
U901,Anonymous,M,0
U902,Anonymous,M,0
U903,Anonymous,M,0
U904,Anonymous,M,0
U905,Anonymous,M,0
U906,Anonymous,M,0
U907,Anonymous,M,0
U908,Anonymous,M,0
U909,Anonymous,M,0
U910,Anonymous,M,0
U911,Anonymous,M,0
U912,Anonymous,M,0
U913,Anonymous,M,0
U914,Anonymous,M,0
U915,Anonymous,M,0
U916,Anonymous,M,0
U917,Anonymous,M,0
U918,Anonymous,M,0
U919,Anonymous,M,0
U920,Anonymous,M,0
U921,Anonymous,M,0
U922,Anonymous,M,0
U923,Anonymous,M,0
U924,Anonymous,M,0
U925,Anonymous,M,0
U926,Anonymous,M,0
U927,Anonymous,M,0
U928,Anonymous,M,0
U929,Anonymous,M,0
U930,Anonymous,M,0
U931,Anonymous,M,0
U932,Anonymous,M,0
U933,Anonymous,M,0
U934,Anonymous,M,0
U935,Anonymous,M,0
U936,Anonymous,M,0
U937,Anonymous,M,0
U938,Anonymous,M,0
U939,Anonymous,M,0
U940,Anonymous,M,0
U941,Anonymous,M,0
U942,Anonymous,M,0
U943,Anonymous,M,0
U944,Anonymous,M,0
U945,Anonymous,M,0
U946,Anonymous,M,0
U947,Anonymous,M,0
U948,Anonymous,M,0
U949,Anonymous,M,0
U950,Anonymous,M,0
U951,Anonymous,M,0
U952,Anonymous,M,0
U953,Anonymous,M,0
U954,Anonymous,M,0
U955,Anonymous,M,0
U956,Anonymous,M,0
U957,Anonymous,M,0
U958,Anonymous,M,0
U959,Anonymous,M,0
U960,Anonymous,M,0
U961,Anonymous,M,0
U962,Anonymous,M,0
U963,Anonymous,M,0
U964,Anonymous,M,0
U965,Anonymous,M,0
U966,Anonymous,M,0
U967,Anonymous,M,0
U968,Anonymous,M,0
U969,Anonymous,M,0
U970,Anonymous,M,0
U971,Anonymous,M,0
U972,Anonymous,M,0
U973,Anonymous,M,0
U974,Anonymous,M,0
U975,Anonymous,M,0
U976,Anonymous,M,0
U977,Anonymous,M,0
U978,Anonymous,M,0
U979,Anonymous,M,0
U980,Anonymous,M,0
U981,Anonymous,M,0
U982,Anonymous,M,0
U983,Anonymous,M,0
U984,Anonymous,M,0
U985,Anonymous,M,0
U986,Anonymous,M,0
U987,Anonymous,M,0
U988,Anonymous,M,0
U989,Anonymous,M,0
U990,Anonymous,M,0
U991,Anonymous,M,0
U992,Anonymous,M,0
U993,Anonymous,M,0
U994,Anonymous,M,0
U995,Anonymous,M,0
U996,Anonymous,M,0
U997,Anonymous,M,0
U998,Anonymous,M,0
U999,Anonymous,M,0
U1000,Anonymous,M,0
U1001,Anonymous,M,0
U1002,Anonymous,M,0
U1003,Anonymous,M,0
U1004,Anonymous,M,0
U1005,Anonymous,M,0
U1006,Anonymous,M,0
U1007,Anonymous,M,0
U1008,Anonymous,M,0
U1009,Anonymous,M,0
U1010,Anonymous,M,0
U1011,Anonymous,M,0
U1012,Anonymous,M,0
U1013,Anonymous,M,0
U1014,Anonymous,M,0
U1015,Anonymous,M,0
U1016,Anonymous,M,0
U1017,Anonymous,M,0
U1018,Anonymous,M,0
U1019,Anonymous,M,0
U1020,Anonymous,M,0
U1021,Anonymous,M,0
U1022,Anonymous,M,0
U1023,Anonymous,M,0
U1024,Anonymous,M,0
U1025,Anonymous,M,0
U1026,Anonymous,M,0
U1027,Anonymous,M,0
U1028,Anonymous,M,0
U1029,Anonymous,M,0
U1030,Anonymous,M,0
U1031,Anonymous,M,0
U1032,Anonymous,M,0
U1033,Anonymous,M,0
U1034,Anonymous,M,0
U1035,Anonymous,M,0
U1036,Anonymous,M,0
U1037,Anonymous,M,0
U1038,Anonymous,M,0
U1039,Anonymous,M,0
U1040,Anonymous,M,0
U1041,Anonymous,M,0
U1042,Anonymous,M,0
U1043,Anonymous,M,0
U1044,Anonymous,M,0
U1045,Anonymous,M,0
U1046,Anonymous,M,0
U1047,Anonymous,M,0
U1048,Anonymous,M,0
U1049,Anonymous,M,0
U1050,Anonymous,M,0
U1051,Anonymous,M,0
U1052,Anonymous,M,0
U1053,Anonymous,M,0
U1054,Anonymous,M,0
U1055,Anonymous,M,0
U1056,Anonymous,M,0
U1057,Anonymous,M,0
U1058,Anonymous,M,0
U1059,Anonymous,M,0
U1060,Anonymous,M,0
U1061,Anonymous,M,0
U1062,Anonymous,M,0
U1063,Anonymous,M,0
U1064,Anonymous,M,0
U1065,Anonymous,M,0
U1066,Anonymous,M,0
U1067,Anonymous,M,0
U1068,Anonymous,M,0
U1069,Anonymous,M,0
U1070,Anonymous,M,0
U1071,Anonymous,M,0
U1072,Anonymous,M,0
U1073,Anonymous,M,0
U1074,Anonymous,M,0
U1075,Anonymous,M,0
U1076,Anonymous,M,0
U1077,Anonymous,M,0
U1078,Anonymous,M,0
U1079,Anonymous,M,0
U1080,Anonymous,M,0
U1081,Anonymous,M,0
U1082,Anonymous,M,0
U1083,Anonymous,M,0
U1084,Anonymous,M,0
U1085,Anonymous,M,0
U1086,Anonymous,M,0
U1087,Anonymous,M,0
U1088,Anonymous,M,0
U1089,Anonymous,M,0
U1090,Anonymous,M,0
U1091,Anonymous,M,0
U1092,Anonymous,M,0
U1093,Anonymous,M,0
U1094,Anonymous,M,0
U1095,Anonymous,M,0
U1096,Anonymous,M,0
U1097,Anonymous,M,0
U1098,Anonymous,M,0
U1099,Anonymous,M,0
U1100,Anonymous,M,0
U1101,Anonymous,M,0
U1102,Anonymous,M,0
U1103,Anonymous,M,0
U1104,Anonymous,M,0
U1105,Anonymous,M,0
U1106,Anonymous,M,0
U1107,Anonymous,M,0
U1108,Anonymous,M,0
U1109,Anonymous,M,0
U1110,Anonymous,M,0
U1111,Anonymous,M,0
U1112,Anonymous,M,0
U1113,Anonymous,M,0
U1114,Anonymous,M,0
U1115,Anonymous,M,0
U1116,Anonymous,M,0
U1117,Anonymous,M,0
U1118,Anonymous,M,0
U1119,Anonymous,M,0
U1120,Anonymous,M,0
U1121,Anonymous,M,0
U1122,Anonymous,M,0
U1123,Anonymous,M,0
U1124,Anonymous,M,0
U1125,Anonymous,M,0
U1126,Anonymous,M,0
U1127,Anonymous,M,0
U1128,Anonymous,M,0
U1129,Anonymous,M,0
U1130,Anonymous,M,0
U1131,Anonymous,M,0
U1132,Anonymous,M,0
U1133,Anonymous,M,0
U1134,Anonymous,M,0
U1135,Anonymous,M,0
U1136,Anonymous,M,0
U1137,Anonymous,M,0
U1138,Anonymous,M,0
U1139,Anonymous,M,0
U1140,Anonymous,M,0
U1141,Anonymous,M,0
U1142,Anonymous,M,0
U1143,Anonymous,M,0
U1144,Anonymous,M,0
U1145,Anonymous,M,0
U1146,Anonymous,M,0
U1147,Anonymous,M,0
U1148,Anonymous,M,0
U1149,Anonymous,M,0
U1150,Anonymous,M,0
U1151,Anonymous,M,0
U1152,Anonymous,M,0
U1153,Anonymous,M,0
U1154,Anonymous,M,0
U1155,Anonymous,M,0
U1156,Anonymous,M,0
U1157,Anonymous,M,0
U1158,Anonymous,M,0
U1159,Anonymous,M,0
U1160,Anonymous,M,0
U1161,Anonymous,M,0
U1162,Anonymous,M,0
U1163,Anonymous,M,0
U1164,Anonymous,M,0
U1165,Anonymous,M,0
U1166,Anonymous,M,0
U1167,Anonymous,M,0
U1168,Anonymous,M,0
U1169,Anonymous,M,0
U1170,Anonymous,M,0
U1171,Anonymous,M,0
U1172,Anonymous,M,0
U1173,Anonymous,M,0
U1174,Anonymous,M,0
U1175,Anonymous,M,0
U1176,Anonymous,M,0
U1177,Anonymous,M,0
U1178,Anonymous,M,0
U1179,Anonymous,M,0
U1180,Anonymous,M,0
U1181,Anonymous,M,0
U1182,Anonymous,M,0
U1183,Anonymous,M,0
U1184,Anonymous,M,0
U1185,Anonymous,M,0
U1186,Anonymous,M,0
U1187,Anonymous,M,0
U1188,Anonymous,M,0
U1189,Anonymous,M,0
U1190,Anonymous,M,0
U1191,Anonymous,M,0
U1192,Anonymous,M,0
U1193,Anonymous,M,0
U1194,Anonymous,M,0
U1195,Anonymous,M,0
U1196,Anonymous,M,0
U1197,Anonymous,M,0
U1198,Anonymous,M,0
U1199,Anonymous,M,0
U1200,Anonymous,M,0
U1201,Anonymous,M,0
U1202,Anonymous,M,0
U1203,Anonymous,M,0
U1204,Anonymous,M,0
U1205,Anonymous,M,0
U1206,Anonymous,M,0
U1207,Anonymous,M,0
U1208,Anonymous,M,0
U1209,Anonymous,M,0
U1210,Anonymous,M,0
U1211,Anonymous,M,0
U1212,Anonymous,M,0
U1213,Anonymous,M,0
U1214,Anonymous,M,0
U1215,Anonymous,M,0
U1216,Anonymous,M,0
U1217,Anonymous,M,0
U1218,Anonymous,M,0
U1219,Anonymous,M,0
U1220,Anonymous,M,0
U1221,Anonymous,M,0
U1222,Anonymous,M,0
U1223,Anonymous,M,0
U1224,Anonymous,M,0
U1225,Anonymous,M,0
U1226,Anonymous,M,0
U1227,Anonymous,M,0
U1228,Anonymous,M,0
U1229,Anonymous,M,0
U1230,Anonymous,M,0
U1231,Anonymous,M,0
U1232,Anonymous,M,0
U1233,Anonymous,M,0
U1234,Anonymous,M,0
U1235,Anonymous,M,0
U1236,Anonymous,M,0
U1237,Anonymous,M,0
U1238,Anonymous,M,0
U1239,Anonymous,M,0
U1240,Anonymous,M,0
U1241,Anonymous,M,0
U1242,Anonymous,M,0
U1243,Anonymous,M,0
U1244,Anonymous,M,0
U1245,Anonymous,M,0
U1246,Anonymous,M,0
U1247,Anonymous,M,0
U1248,Anonymous,M,0
U1249,Anonymous,M,0
U1250,Anonymous,M,0
U1251,Anonymous,M,0
U1252,Anonymous,M,0
U1253,Anonymous,M,0
U1254,Anonymous,M,0
U1255,Anonymous,M,0
U1256,Anonymous,M,0
U1257,Anonymous,M,0
U1258,Anonymous,M,0
U1259,Anonymous,M,0
U1260,Anonymous,M,0
U1261,Anonymous,M,0
U1262,Anonymous,M,0
U1263,Anonymous,M,0
U1264,Anonymous,M,0
U1265,Anonymous,M,0
U1266,Anonymous,M,0
U1267,Anonymous,M,0
U1268,Anonymous,M,0
U1269,Anonymous,M,0
U1270,Anonymous,M,0
U1271,Anonymous,M,0
U1272,Anonymous,M,0
U1273,Anonymous,M,0
U1274,Anonymous,M,0
U1275,Anonymous,M,0
U1276,Anonymous,M,0
U1277,Anonymous,M,0
U1278,Anonymous,M,0
U1279,Anonymous,M,0
U1280,Anonymous,M,0
U1281,Anonymous,M,0
U1282,Anonymous,M,0
U1283,Anonymous,M,0
U1284,Anonymous,M,0
U1285,Anonymous,M,0
U1286,Anonymous,M,0
U1287,Anonymous,M,0
U1288,Anonymous,M,0
U1289,Anonymous,M,0
U1290,Anonymous,M,0
U1291,Anonymous,M,0
U1292,Anonymous,M,0
U1293,Anonymous,M,0
U1294,Anonymous,M,0
U1295,Anonymous,M,0
U1296,Anonymous,M,0
U1297,Anonymous,M,0
U1298,Anonymous,M,0
U1299,Anonymous,M,0
U1300,Anonymous,M,0
U1301,Anonymous,M,0
U1302,Anonymous,M,0
U1303,Anonymous,M,0
U1304,Anonymous,M,0
U1305,Anonymous,M,0
U1306,Anonymous,M,0
U1307,Anonymous,M,0
U1308,Anonymous,M,0
U1309,Anonymous,M,0
U1310,Anonymous,M,0
U1311,Anonymous,M,0
U1312,Anonymous,M,0
U1313,Anonymous,M,0
U1314,Anonymous,M,0
U1315,Anonymous,M,0
U1316,Anonymous,M,0
U1317,Anonymous,M,0
U1318,Anonymous,M,0
U1319,Anonymous,M,0
U1320,Anonymous,M,0
U1321,Anonymous,M,0
U1322,Anonymous,M,0
U1323,Anonymous,M,0
U1324,Anonymous,M,0
U1325,Anonymous,M,0
U1326,Anonymous,M,0
U1327,Anonymous,M,0
U1328,Anonymous,M,0
U1329,Anonymous,M,0
U1330,Anonymous,M,0
U1331,Anonymous,M,0
U1332,Anonymous,M,0
U1333,Anonymous,M,0
U1334,Anonymous,M,0
U1335,Anonymous,M,0
U1336,Anonymous,M,0
U1337,Anonymous,M,0
U1338,Anonymous,M,0
U1339,Anonymous,M,0
U1340,Anonymous,M,0
U1341,Anonymous,M,0
U1342,Anonymous,M,0
U1343,Anonymous,M,0
U1344,Anonymous,M,0
U1345,Anonymous,M,0
U1346,Anonymous,M,0
U1347,Anonymous,M,0
U1348,Anonymous,M,0
U1349,Anonymous,M,0
U1350,Anonymous,M,0
U1351,Anonymous,M,0
U1352,Anonymous,M,0
U1353,Anonymous,M,0
U1354,Anonymous,M,0
U1355,Anonymous,M,0
U1356,Anonymous,M,0
U1357,Anonymous,M,0
U1358,Anonymous,M,0
U1359,Anonymous,M,0
U1360,Anonymous,M,0
U1361,Anonymous,M,0
U1362,Anonymous,M,0
U1363,Anonymous,M,0
U1364,Anonymous,M,0
U1365,Anonymous,M,0
U1366,Anonymous,M,0
U1367,Anonymous,M,0
U1368,Anonymous,M,0
U1369,Anonymous,M,0
U1370,Anonymous,M,0
U1371,Anonymous,M,0
U1372,Anonymous,M,0
U1373,Anonymous,M,0
U1374,Anonymous,M,0
U1375,Anonymous,M,0
U1376,Anonymous,M,0
U1377,Anonymous,M,0
U1378,Anonymous,M,0
U1379,Anonymous,M,0
U1380,Anonymous,M,0
U1381,Anonymous,M,0
U1382,Anonymous,M,0
U1383,Anonymous,M,0
U1384,Anonymous,M,0
U1385,Anonymous,M,0
U1386,Anonymous,M,0
U1387,Anonymous,M,0
U1388,Anonymous,M,0
U1389,Anonymous,M,0
U1390,Anonymous,M,0
U1391,Anonymous,M,0
U1392,Anonymous,M,0
U1393,Anonymous,M,0
U1394,Anonymous,M,0
U1395,Anonymous,M,0
U1396,Anonymous,M,0
U1397,Anonymous,M,0
U1398,Anonymous,M,0
U1399,Anonymous,M,0
U1400,Anonymous,M,0
U1401,Anonymous,M,0
U1402,Anonymous,M,0
U1403,Anonymous,M,0
U1404,Anonymous,M,0
U1405,Anonymous,M,0
U1406,Anonymous,M,0
U1407,Anonymous,M,0
U1408,Anonymous,M,0
U1409,Anonymous,M,0
U1410,Anonymous,M,0
U1411,Anonymous,M,0
U1412,Anonymous,M,0
U1413,Anonymous,M,0
U1414,Anonymous,M,0
U1415,Anonymous,M,0
U1416,Anonymous,M,0
U1417,Anonymous,M,0
U1418,Anonymous,M,0
U1419,Anonymous,M,0
U1420,Anonymous,M,0
U1421,Anonymous,M,0
U1422,Anonymous,M,0
U1423,Anonymous,M,0
U1424,Anonymous,M,0
U1425,Anonymous,M,0
U1426,Anonymous,M,0
U1427,Anonymous,M,0
U1428,Anonymous,M,0
U1429,Anonymous,M,0
U1430,Anonymous,M,0
U1431,Anonymous,M,0
U1432,Anonymous,M,0
U1433,Anonymous,M,0
U1434,Anonymous,M,0
U1435,Anonymous,M,0
U1436,Anonymous,M,0
U1437,Anonymous,M,0
U1438,Anonymous,M,0
U1439,Anonymous,M,0
U1440,Anonymous,M,0
U1441,Anonymous,M,0
U1442,Anonymous,M,0
U1443,Anonymous,M,0
U1444,Anonymous,M,0
U1445,Anonymous,M,0
U1446,Anonymous,M,0
U1447,Anonymous,M,0
U1448,Anonymous,M,0
U1449,Anonymous,M,0
U1450,Anonymous,M,0
U1451,Anonymous,M,0
U1452,Anonymous,M,0
U1453,Anonymous,M,0
U1454,Anonymous,M,0
U1455,Anonymous,M,0
U1456,Anonymous,M,0
U1457,Anonymous,M,0
U1458,Anonymous,M,0
U1459,Anonymous,M,0
U1460,Anonymous,M,0
U1461,Anonymous,M,0
U1462,Anonymous,M,0
U1463,Anonymous,M,0
U1464,Anonymous,M,0
U1465,Anonymous,M,0
U1466,Anonymous,M,0
U1467,Anonymous,M,0
U1468,Anonymous,M,0
U1469,Anonymous,M,0
U1470,Anonymous,M,0
U1471,Anonymous,M,0
U1472,Anonymous,M,0
U1473,Anonymous,M,0
U1474,Anonymous,M,0
U1475,Anonymous,M,0
U1476,Anonymous,M,0
U1477,Anonymous,M,0
U1478,Anonymous,M,0
U1479,Anonymous,M,0
U1480,Anonymous,M,0
U1481,Anonymous,M,0
U1482,Anonymous,M,0
U1483,Anonymous,M,0
U1484,Anonymous,M,0
U1485,Anonymous,M,0
U1486,Anonymous,M,0
U1487,Anonymous,M,0
U1488,Anonymous,M,0
U1489,Anonymous,M,0
U1490,Anonymous,M,0
U1491,Anonymous,M,0
U1492,Anonymous,M,0
U1493,Anonymous,M,0
U1494,Anonymous,M,0
U1495,Anonymous,M,0
U1496,Anonymous,M,0
U1497,Anonymous,M,0
U1498,Anonymous,M,0
U1499,Anonymous,M,0
U1500,Anonymous,M,0
U1501,Anonymous,M,0
U1502,Anonymous,M,0
U1503,Anonymous,M,0
U1504,Anonymous,M,0
U1505,Anonymous,M,0
U1506,Anonymous,M,0
U1507,Anonymous,M,0
U1508,Anonymous,M,0
U1509,Anonymous,M,0
U1510,Anonymous,M,0
U1511,Anonymous,M,0
U1512,Anonymous,M,0
U1513,Anonymous,M,0
U1514,Anonymous,M,0
U1515,Anonymous,M,0
U1516,Anonymous,M,0
U1517,Anonymous,M,0
U1518,Anonymous,M,0
U1519,Anonymous,M,0
U1520,Anonymous,M,0
U1521,Anonymous,M,0
U1522,Anonymous,M,0
U1523,Anonymous,M,0
U1524,Anonymous,M,0
U1525,Anonymous,M,0
U1526,Anonymous,M,0
U1527,Anonymous,M,0
U1528,Anonymous,M,0
U1529,Anonymous,M,0
U1530,Anonymous,M,0
U1531,Anonymous,M,0
U1532,Anonymous,M,0
U1533,Anonymous,M,0
U1534,Anonymous,M,0
U1535,Anonymous,M,0
U1536,Anonymous,M,0
U1537,Anonymous,M,0
U1538,Anonymous,M,0
U1539,Anonymous,M,0
U1540,Anonymous,M,0
U1541,Anonymous,M,0
U1542,Anonymous,M,0
U1543,Anonymous,M,0
U1544,Anonymous,M,0
U1545,Anonymous,M,0
U1546,Anonymous,M,0
U1547,Anonymous,M,0
U1548,Anonymous,M,0
U1549,Anonymous,M,0
U1550,Anonymous,M,0
U1551,Anonymous,M,0
U1552,Anonymous,M,0
U1553,Anonymous,M,0
U1554,Anonymous,M,0
U1555,Anonymous,M,0
U1556,Anonymous,M,0
U1557,Anonymous,M,0
U1558,Anonymous,M,0
U1559,Anonymous,M,0
U1560,Anonymous,M,0
U1561,Anonymous,M,0
U1562,Anonymous,M,0
U1563,Anonymous,M,0
U1564,Anonymous,M,0
U1565,Anonymous,M,0
U1566,Anonymous,M,0
U1567,Anonymous,M,0
U1568,Anonymous,M,0
U1569,Anonymous,M,0
U1570,Anonymous,M,0
U1571,Anonymous,M,0
U1572,Anonymous,M,0
U1573,Anonymous,M,0
U1574,Anonymous,M,0
U1575,Anonymous,M,0
U1576,Anonymous,M,0
U1577,Anonymous,M,0
U1578,Anonymous,M,0
U1579,Anonymous,M,0
U1580,Anonymous,M,0
U1581,Anonymous,M,0
U1582,Anonymous,M,0
U1583,Anonymous,M,0
U1584,Anonymous,M,0
U1585,Anonymous,M,0
U1586,Anonymous,M,0
U1587,Anonymous,M,0
U1588,Anonymous,M,0
U1589,Anonymous,M,0
U1590,Anonymous,M,0
U1591,Anonymous,M,0
U1592,Anonymous,M,0
U1593,Anonymous,M,0
U1594,Anonymous,M,0
U1595,Anonymous,M,0
U1596,Anonymous,M,0
U1597,Anonymous,M,0
U1598,Anonymous,M,0
U1599,Anonymous,M,0
U1600,Anonymous,M,0
U1601,Anonymous,M,0
U1602,Anonymous,M,0
U1603,Anonymous,M,0
U1604,Anonymous,M,0
U1605,Anonymous,M,0
U1606,Anonymous,M,0
U1607,Anonymous,M,0
U1608,Anonymous,M,0
U1609,Anonymous,M,0
U1610,Anonymous,M,0
U1611,Anonymous,M,0
U1612,Anonymous,M,0
U1613,Anonymous,M,0
U1614,Anonymous,M,0
U1615,Anonymous,M,0
U1616,Anonymous,M,0
U1617,Anonymous,M,0
U1618,Anonymous,M,0
U1619,Anonymous,M,0
U1620,Anonymous,M,0
U1621,Anonymous,M,0
U1622,Anonymous,M,0
U1623,Anonymous,M,0
U1624,Anonymous,M,0
U1625,Anonymous,M,0
U1626,Anonymous,M,0
U1627,Anonymous,M,0
U1628,Anonymous,M,0
U1629,Anonymous,M,0
U1630,Anonymous,M,0
U1631,Anonymous,M,0
U1632,Anonymous,M,0
U1633,Anonymous,M,0
U1634,Anonymous,M,0
U1635,Anonymous,M,0
U1636,Anonymous,M,0
U1637,Anonymous,M,0
U1638,Anonymous,M,0
U1639,Anonymous,M,0
U1640,Anonymous,M,0
U1641,Anonymous,M,0
U1642,Anonymous,M,0
U1643,Anonymous,M,0
U1644,Anonymous,M,0
U1645,Anonymous,M,0
U1646,Anonymous,M,0
U1647,Anonymous,M,0
U1648,Anonymous,M,0
U1649,Anonymous,M,0
U1650,Anonymous,M,0
U1651,Anonymous,M,0
U1652,Anonymous,M,0
U1653,Anonymous,M,0
U1654,Anonymous,M,0
U1655,Anonymous,M,0
U1656,Anonymous,M,0
U1657,Anonymous,M,0
U1658,Anonymous,M,0
U1659,Anonymous,M,0
U1660,Anonymous,M,0
U1661,Anonymous,M,0
U1662,Anonymous,M,0
U1663,Anonymous,M,0
U1664,Anonymous,M,0
U1665,Anonymous,M,0
U1666,Anonymous,M,0
U1667,Anonymous,M,0
U1668,Anonymous,M,0
U1669,Anonymous,M,0
U1670,Anonymous,M,0
U1671,Anonymous,M,0
U1672,Anonymous,M,0
U1673,Anonymous,M,0
U1674,Anonymous,M,0
U1675,Anonymous,M,0
U1676,Anonymous,M,0
U1677,Anonymous,M,0
U1678,Anonymous,M,0
U1679,Anonymous,M,0
U1680,Anonymous,M,0
U1681,Anonymous,M,0
U1682,Anonymous,M,0
U1683,Anonymous,M,0
U1684,Anonymous,M,0
U1685,Anonymous,M,0
U1686,Anonymous,M,0
U1687,Anonymous,M,0
U1688,Anonymous,M,0
U1689,Anonymous,M,0
U1690,Anonymous,M,0
U1691,Anonymous,M,0
U1692,Anonymous,M,0
U1693,Anonymous,M,0
U1694,Anonymous,M,0
U1695,Anonymous,M,0
U1696,Anonymous,M,0
U1697,Anonymous,M,0
U1698,Anonymous,M,0
U1699,Anonymous,M,0
U1700,Anonymous,M,0
U1701,Anonymous,M,0
U1702,Anonymous,M,0
U1703,Anonymous,M,0
U1704,Anonymous,M,0
U1705,Anonymous,M,0
U1706,Anonymous,M,0
U1707,Anonymous,M,0
U1708,Anonymous,M,0
U1709,Anonymous,M,0
U1710,Anonymous,M,0
U1711,Anonymous,M,0
U1712,Anonymous,M,0
U1713,Anonymous,M,0
U1714,Anonymous,M,0
U1715,Anonymous,M,0
U1716,Anonymous,M,0
U1717,Anonymous,M,0
U1718,Anonymous,M,0
U1719,Anonymous,M,0
U1720,Anonymous,M,0
U1721,Anonymous,M,0
U1722,Anonymous,M,0
U1723,Anonymous,M,0
U1724,Anonymous,M,0
U1725,Anonymous,M,0
U1726,Anonymous,M,0
U1727,Anonymous,M,0
U1728,Anonymous,M,0
U1729,Anonymous,M,0
U1730,Anonymous,M,0
U1731,Anonymous,M,0
U1732,Anonymous,M,0
U1733,Anonymous,M,0
U1734,Anonymous,M,0
U1735,Anonymous,M,0
U1736,Anonymous,M,0
U1737,Anonymous,M,0
U1738,Anonymous,M,0
U1739,Anonymous,M,0
U1740,Anonymous,M,0
U1741,Anonymous,M,0
U1742,Anonymous,M,0
U1743,Anonymous,M,0
U1744,Anonymous,M,0
U1745,Anonymous,M,0
U1746,Anonymous,M,0
U1747,Anonymous,M,0
U1748,Anonymous,M,0
U1749,Anonymous,M,0
U1750,Anonymous,M,0
U1751,Anonymous,M,0
U1752,Anonymous,M,0
U1753,Anonymous,M,0
U1754,Anonymous,M,0
U1755,Anonymous,M,0
U1756,Anonymous,M,0
U1757,Anonymous,M,0
U1758,Anonymous,M,0
U1759,Anonymous,M,0
U1760,Anonymous,M,0
U1761,Anonymous,M,0
U1762,Anonymous,M,0
U1763,Anonymous,M,0
U1764,Anonymous,M,0
U1765,Anonymous,M,0
U1766,Anonymous,M,0
U1767,Anonymous,M,0
U1768,Anonymous,M,0
U1769,Anonymous,M,0
U1770,Anonymous,M,0
U1771,Anonymous,M,0
U1772,Anonymous,M,0
U1773,Anonymous,M,0
U1774,Anonymous,M,0
U1775,Anonymous,M,0
U1776,Anonymous,M,0
U1777,Anonymous,M,0
U1778,Anonymous,M,0
U1779,Anonymous,M,0
U1780,Anonymous,M,0
U1781,Anonymous,M,0
U1782,Anonymous,M,0
U1783,Anonymous,M,0
U1784,Anonymous,M,0
U1785,Anonymous,M,0
U1786,Anonymous,M,0
U1787,Anonymous,M,0
U1788,Anonymous,M,0
U1789,Anonymous,M,0
U1790,Anonymous,M,0
U1791,Anonymous,M,0
U1792,Anonymous,M,0
U1793,Anonymous,M,0
U1794,Anonymous,M,0
U1795,Anonymous,M,0
U1796,Anonymous,M,0
U1797,Anonymous,M,0
U1798,Anonymous,M,0
U1799,Anonymous,M,0
U1800,Anonymous,M,0
U1801,Anonymous,M,0
U1802,Anonymous,M,0
U1803,Anonymous,M,0
U1804,Anonymous,M,0
U1805,Anonymous,M,0
U1806,Anonymous,M,0
U1807,Anonymous,M,0
U1808,Anonymous,M,0
U1809,Anonymous,M,0
U1810,Anonymous,M,0
U1811,Anonymous,M,0
U1812,Anonymous,M,0
U1813,Anonymous,M,0
U1814,Anonymous,M,0
U1815,Anonymous,M,0
U1816,Anonymous,M,0
U1817,Anonymous,M,0
U1818,Anonymous,M,0
U1819,Anonymous,M,0
U1820,Anonymous,M,0
U1821,Anonymous,M,0
U1822,Anonymous,M,0
U1823,Anonymous,M,0
U1824,Anonymous,M,0
U1825,Anonymous,M,0
U1826,Anonymous,M,0
U1827,Anonymous,M,0
U1828,Anonymous,M,0
U1829,Anonymous,M,0
U1830,Anonymous,M,0
U1831,Anonymous,M,0
U1832,Anonymous,M,0
U1833,Anonymous,M,0
U1834,Anonymous,M,0
U1835,Anonymous,M,0
U1836,Anonymous,M,0
U1837,Anonymous,M,0
U1838,Anonymous,M,0
U1839,Anonymous,M,0
U1840,Anonymous,M,0
U1841,Anonymous,M,0
U1842,Anonymous,M,0
U1843,Anonymous,M,0
U1844,Anonymous,M,0
U1845,Anonymous,M,0
U1846,Anonymous,M,0
U1847,Anonymous,M,0
U1848,Anonymous,M,0
U1849,Anonymous,M,0
U1850,Anonymous,M,0
U1851,Anonymous,M,0
U1852,Anonymous,M,0
U1853,Anonymous,M,0
U1854,Anonymous,M,0
U1855,Anonymous,M,0
U1856,Anonymous,M,0
U1857,Anonymous,M,0
U1858,Anonymous,M,0
U1859,Anonymous,M,0
U1860,Anonymous,M,0
U1861,Anonymous,M,0
U1862,Anonymous,M,0
U1863,Anonymous,M,0
U1864,Anonymous,M,0
U1865,Anonymous,M,0
U1866,Anonymous,M,0
U1867,Anonymous,M,0
U1868,Anonymous,M,0
U1869,Anonymous,M,0
U1870,Anonymous,M,0
U1871,Anonymous,M,0
U1872,Anonymous,M,0
U1873,Anonymous,M,0
U1874,Anonymous,M,0
U1875,Anonymous,M,0
U1876,Anonymous,M,0
U1877,Anonymous,M,0
U1878,Anonymous,M,0
U1879,Anonymous,M,0
U1880,Anonymous,M,0
U1881,Anonymous,M,0
U1882,Anonymous,M,0
U1883,Anonymous,M,0
U1884,Anonymous,M,0
U1885,Anonymous,M,0
U1886,Anonymous,M,0
U1887,Anonymous,M,0
U1888,Anonymous,M,0
U1889,Anonymous,M,0
U1890,Anonymous,M,0
U1891,Anonymous,M,0
U1892,Anonymous,M,0
U1893,Anonymous,M,0
U1894,Anonymous,M,0
U1895,Anonymous,M,0
U1896,Anonymous,M,0
U1897,Anonymous,M,0
U1898,Anonymous,M,0
U1899,Anonymous,M,0
U1900,Anonymous,M,0
U1901,Anonymous,M,0
U1902,Anonymous,M,0
U1903,Anonymous,M,0
U1904,Anonymous,M,0
U1905,Anonymous,M,0
U1906,Anonymous,M,0
U1907,Anonymous,M,0
U1908,Anonymous,M,0
U1909,Anonymous,M,0
U1910,Anonymous,M,0
U1911,Anonymous,M,0
U1912,Anonymous,M,0
U1913,Anonymous,M,0
U1914,Anonymous,M,0
U1915,Anonymous,M,0
U1916,Anonymous,M,0
U1917,Anonymous,M,0
U1918,Anonymous,M,0
U1919,Anonymous,M,0
U1920,Anonymous,M,0
U1921,Anonymous,M,0
U1922,Anonymous,M,0
U1923,Anonymous,M,0
U1924,Anonymous,M,0
U1925,Anonymous,M,0
U1926,Anonymous,M,0
U1927,Anonymous,M,0
U1928,Anonymous,M,0
U1929,Anonymous,M,0
U1930,Anonymous,M,0
U1931,Anonymous,M,0
U1932,Anonymous,M,0
U1933,Anonymous,M,0
U1934,Anonymous,M,0
U1935,Anonymous,M,0
U1936,Anonymous,M,0
U1937,Anonymous,M,0
U1938,Anonymous,M,0
U1939,Anonymous,M,0
U1940,Anonymous,M,0
U1941,Anonymous,M,0
U1942,Anonymous,M,0
U1943,Anonymous,M,0
U1944,Anonymous,M,0
U1945,Anonymous,M,0
U1946,Anonymous,M,0
U1947,Anonymous,M,0
U1948,Anonymous,M,0
U1949,Anonymous,M,0
U1950,Anonymous,M,0
U1951,Anonymous,M,0
U1952,Anonymous,M,0
U1953,Anonymous,M,0
U1954,Anonymous,M,0
U1955,Anonymous,M,0
U1956,Anonymous,M,0
U1957,Anonymous,M,0
U1958,Anonymous,M,0
U1959,Anonymous,M,0
U1960,Anonymous,M,0
U1961,Anonymous,M,0
U1962,Anonymous,M,0
U1963,Anonymous,M,0
U1964,Anonymous,M,0
U1965,Anonymous,M,0
U1966,Anonymous,M,0
U1967,Anonymous,M,0
U1968,Anonymous,M,0
U1969,Anonymous,M,0
U1970,Anonymous,M,0
U1971,Anonymous,M,0
U1972,Anonymous,M,0
U1973,Anonymous,M,0
U1974,Anonymous,M,0
U1975,Anonymous,M,0
U1976,Anonymous,M,0
U1977,Anonymous,M,0
U1978,Anonymous,M,0
U1979,Anonymous,M,0
U1980,Anonymous,M,0
U1981,Anonymous,M,0
U1982,Anonymous,M,0
U1983,Anonymous,M,0
U1984,Anonymous,M,0
U1985,Anonymous,M,0
U1986,Anonymous,M,0
U1987,Anonymous,M,0
U1988,Anonymous,M,0
U1989,Anonymous,M,0
U1990,Anonymous,M,0
U1991,Anonymous,M,0
U1992,Anonymous,M,0
U1993,Anonymous,M,0
U1994,Anonymous,M,0
U1995,Anonymous,M,0
U1996,Anonymous,M,0
U1997,Anonymous,M,0
U1998,Anonymous,M,0
U1999,Anonymous,M,0
U2000,Anonymous,M,0
U2001,Anonymous,M,0
U2002,Anonymous,M,0
U2003,Anonymous,M,0
U2004,Anonymous,M,0
U2005,Anonymous,M,0
U2006,Anonymous,M,0
U2007,Anonymous,M,0
U2008,Anonymous,M,0
U2009,Anonymous,M,0
U2010,Anonymous,M,0
U2011,Anonymous,M,0
U2012,Anonymous,M,0
U2013,Anonymous,M,0
U2014,Anonymous,M,0
U2015,Anonymous,M,0
U2016,Anonymous,M,0
U2017,Anonymous,M,0
U2018,Anonymous,M,0
U2019,Anonymous,M,0
U2020,Anonymous,M,0
U2021,Anonymous,M,0
U2022,Anonymous,M,0
U2023,Anonymous,M,0
U2024,Anonymous,M,0
U2025,Anonymous,M,0
U2026,Anonymous,M,0
U2027,Anonymous,M,0
U2028,Anonymous,M,0
U2029,Anonymous,M,0
U2030,Anonymous,M,0
U2031,Anonymous,M,0
U2032,Anonymous,M,0
U2033,Anonymous,M,0
U2034,Anonymous,M,0
U2035,Anonymous,M,0
U2036,Anonymous,M,0
U2037,Anonymous,M,0
U2038,Anonymous,M,0
U2039,Anonymous,M,0
U2040,Anonymous,M,0
U2041,Anonymous,M,0
U2042,Anonymous,M,0
U2043,Anonymous,M,0
U2044,Anonymous,M,0
U2045,Anonymous,M,0
U2046,Anonymous,M,0
U2047,Anonymous,M,0
U2048,Anonymous,M,0
U2049,Anonymous,M,0
U2050,Anonymous,M,0
U2051,Anonymous,M,0
U2052,Anonymous,M,0
U2053,Anonymous,M,0
U2054,Anonymous,M,0
U2055,Anonymous,M,0
U2056,Anonymous,M,0
U2057,Anonymous,M,0
U2058,Anonymous,M,0
U2059,Anonymous,M,0
U2060,Anonymous,M,0
U2061,Anonymous,M,0
U2062,Anonymous,M,0
U2063,Anonymous,M,0
U2064,Anonymous,M,0
U2065,Anonymous,M,0
U2066,Anonymous,M,0
U2067,Anonymous,M,0
U2068,Anonymous,M,0
U2069,Anonymous,M,0
U2070,Anonymous,M,0
U2071,Anonymous,M,0
U2072,Anonymous,M,0
U2073,Anonymous,M,0
U2074,Anonymous,M,0
U2075,Anonymous,M,0
U2076,Anonymous,M,0
U2077,Anonymous,M,0
U2078,Anonymous,M,0
U2079,Anonymous,M,0
U2080,Anonymous,M,0
U2081,Anonymous,M,0
U2082,Anonymous,M,0
U2083,Anonymous,M,0
U2084,Anonymous,M,0
U2085,Anonymous,M,0
U2086,Anonymous,M,0
U2087,Anonymous,M,0
U2088,Anonymous,M,0
U2089,Anonymous,M,0
U2090,Anonymous,M,0
U2091,Anonymous,M,0
U2092,Anonymous,M,0
U2093,Anonymous,M,0
U2094,Anonymous,M,0
U2095,Anonymous,M,0
U2096,Anonymous,M,0
U2097,Anonymous,M,0
U2098,Anonymous,M,0
U2099,Anonymous,M,0
U2100,Anonymous,M,0
U2101,Anonymous,M,0
U2102,Anonymous,M,0
U2103,Anonymous,M,0
U2104,Anonymous,M,0
U2105,Anonymous,M,0
U2106,Anonymous,M,0
U2107,Anonymous,M,0
U2108,Anonymous,M,0
U2109,Anonymous,M,0
U2110,Anonymous,M,0
U2111,Anonymous,M,0
U2112,Anonymous,M,0
U2113,Anonymous,M,0
U2114,Anonymous,M,0
U2115,Anonymous,M,0
U2116,Anonymous,M,0
U2117,Anonymous,M,0
U2118,Anonymous,M,0
U2119,Anonymous,M,0
U2120,Anonymous,M,0
U2121,Anonymous,M,0
U2122,Anonymous,M,0
U2123,Anonymous,M,0
U2124,Anonymous,M,0
U2125,Anonymous,M,0
U2126,Anonymous,M,0
U2127,Anonymous,M,0
U2128,Anonymous,M,0
U2129,Anonymous,M,0
U2130,Anonymous,M,0
U2131,Anonymous,M,0
U2132,Anonymous,M,0
U2133,Anonymous,M,0
U2134,Anonymous,M,0
U2135,Anonymous,M,0
U2136,Anonymous,M,0
U2137,Anonymous,M,0
U2138,Anonymous,M,0
U2139,Anonymous,M,0
U2140,Anonymous,M,0
U2141,Anonymous,M,0
U2142,Anonymous,M,0
U2143,Anonymous,M,0
U2144,Anonymous,M,0
U2145,Anonymous,M,0
U2146,Anonymous,M,0
U2147,Anonymous,M,0
U2148,Anonymous,M,0
U2149,Anonymous,M,0
U2150,Anonymous,M,0
U2151,Anonymous,M,0
U2152,Anonymous,M,0
U2153,Anonymous,M,0
U2154,Anonymous,M,0
U2155,Anonymous,M,0
U2156,Anonymous,M,0
U2157,Anonymous,M,0
U2158,Anonymous,M,0
U2159,Anonymous,M,0
U2160,Anonymous,M,0
U2161,Anonymous,M,0
U2162,Anonymous,M,0
U2163,Anonymous,M,0
U2164,Anonymous,M,0
U2165,Anonymous,M,0
U2166,Anonymous,M,0
U2167,Anonymous,M,0
U2168,Anonymous,M,0
U2169,Anonymous,M,0
U2170,Anonymous,M,0
U2171,Anonymous,M,0
U2172,Anonymous,M,0
U2173,Anonymous,M,0
U2174,Anonymous,M,0
U2175,Anonymous,M,0
U2176,Anonymous,M,0
U2177,Anonymous,M,0
U2178,Anonymous,M,0
U2179,Anonymous,M,0
U2180,Anonymous,M,0
U2181,Anonymous,M,0
U2182,Anonymous,M,0
U2183,Anonymous,M,0
U2184,Anonymous,M,0
U2185,Anonymous,M,0
U2186,Anonymous,M,0
U2187,Anonymous,M,0
U2188,Anonymous,M,0
U2189,Anonymous,M,0
U2190,Anonymous,M,0
U2191,Anonymous,M,0
U2192,Anonymous,M,0
U2193,Anonymous,M,0
U2194,Anonymous,M,0
U2195,Anonymous,M,0
U2196,Anonymous,M,0
U2197,Anonymous,M,0
U2198,Anonymous,M,0
U2199,Anonymous,M,0
U2200,Anonymous,M,0
U2201,Anonymous,M,0
U2202,Anonymous,M,0
U2203,Anonymous,M,0
U2204,Anonymous,M,0
U2205,Anonymous,M,0
U2206,Anonymous,M,0
U2207,Anonymous,M,0
U2208,Anonymous,M,0
U2209,Anonymous,M,0
U2210,Anonymous,M,0
U2211,Anonymous,M,0
U2212,Anonymous,M,0
U2213,Anonymous,M,0
U2214,Anonymous,M,0
U2215,Anonymous,M,0
U2216,Anonymous,M,0
U2217,Anonymous,M,0
U2218,Anonymous,M,0
U2219,Anonymous,M,0
U2220,Anonymous,M,0
U2221,Anonymous,M,0
U2222,Anonymous,M,0
U2223,Anonymous,M,0
U2224,Anonymous,M,0
U2225,Anonymous,M,0
U2226,Anonymous,M,0
U2227,Anonymous,M,0
U2228,Anonymous,M,0
U2229,Anonymous,M,0
U2230,Anonymous,M,0
U2231,Anonymous,M,0
U2232,Anonymous,M,0
U2233,Anonymous,M,0
U2234,Anonymous,M,0
U2235,Anonymous,M,0
U2236,Anonymous,M,0
U2237,Anonymous,M,0
U2238,Anonymous,M,0
U2239,Anonymous,M,0
U2240,Anonymous,M,0
U2241,Anonymous,M,0
U2242,Anonymous,M,0
U2243,Anonymous,M,0
U2244,Anonymous,M,0
U2245,Anonymous,M,0
U2246,Anonymous,M,0
U2247,Anonymous,M,0
U2248,Anonymous,M,0
U2249,Anonymous,M,0
U2250,Anonymous,M,0
U2251,Anonymous,M,0
U2252,Anonymous,M,0
U2253,Anonymous,M,0
U2254,Anonymous,M,0
U2255,Anonymous,M,0
U2256,Anonymous,M,0
U2257,Anonymous,M,0
U2258,Anonymous,M,0
U2259,Anonymous,M,0
U2260,Anonymous,M,0
U2261,Anonymous,M,0
U2262,Anonymous,M,0
U2263,Anonymous,M,0
U2264,Anonymous,M,0
U2265,Anonymous,M,0
U2266,Anonymous,M,0
U2267,Anonymous,M,0
U2268,Anonymous,M,0
U2269,Anonymous,M,0
U2270,Anonymous,M,0
U2271,Anonymous,M,0
U2272,Anonymous,M,0
U2273,Anonymous,M,0
U2274,Anonymous,M,0
U2275,Anonymous,M,0
U2276,Anonymous,M,0
U2277,Anonymous,M,0
U2278,Anonymous,M,0
U2279,Anonymous,M,0
U2280,Anonymous,M,0
U2281,Anonymous,M,0
U2282,Anonymous,M,0
U2283,Anonymous,M,0
U2284,Anonymous,M,0
U2285,Anonymous,M,0
U2286,Anonymous,M,0
U2287,Anonymous,M,0
U2288,Anonymous,M,0
U2289,Anonymous,M,0
U2290,Anonymous,M,0
U2291,Anonymous,M,0
U2292,Anonymous,M,0
U2293,Anonymous,M,0
U2294,Anonymous,M,0
U2295,Anonymous,M,0
U2296,Anonymous,M,0
U2297,Anonymous,M,0
U2298,Anonymous,M,0
U2299,Anonymous,M,0
U2300,Anonymous,M,0
U2301,Anonymous,M,0
U2302,Anonymous,M,0
U2303,Anonymous,M,0
U2304,Anonymous,M,0
U2305,Anonymous,M,0
U2306,Anonymous,M,0
U2307,Anonymous,M,0
U2308,Anonymous,M,0
U2309,Anonymous,M,0
U2310,Anonymous,M,0
U2311,Anonymous,M,0
U2312,Anonymous,M,0
U2313,Anonymous,M,0
U2314,Anonymous,M,0
U2315,Anonymous,M,0
U2316,Anonymous,M,0
U2317,Anonymous,M,0
U2318,Anonymous,M,0
U2319,Anonymous,M,0
U2320,Anonymous,M,0
U2321,Anonymous,M,0
U2322,Anonymous,M,0
U2323,Anonymous,M,0
U2324,Anonymous,M,0
U2325,Anonymous,M,0
U2326,Anonymous,M,0
U2327,Anonymous,M,0
U2328,Anonymous,M,0
U2329,Anonymous,M,0
U2330,Anonymous,M,0
U2331,Anonymous,M,0
U2332,Anonymous,M,0
U2333,Anonymous,M,0
U2334,Anonymous,M,0
U2335,Anonymous,M,0
U2336,Anonymous,M,0
U2337,Anonymous,M,0
U2338,Anonymous,M,0
U2339,Anonymous,M,0
U2340,Anonymous,M,0
U2341,Anonymous,M,0
U2342,Anonymous,M,0
U2343,Anonymous,M,0
U2344,Anonymous,M,0
U2345,Anonymous,M,0
U2346,Anonymous,M,0
U2347,Anonymous,M,0
U2348,Anonymous,M,0
U2349,Anonymous,M,0
U2350,Anonymous,M,0
U2351,Anonymous,M,0
U2352,Anonymous,M,0
U2353,Anonymous,M,0
U2354,Anonymous,M,0
U2355,Anonymous,M,0
U2356,Anonymous,M,0
U2357,Anonymous,M,0
U2358,Anonymous,M,0
U2359,Anonymous,M,0
U2360,Anonymous,M,0
U2361,Anonymous,M,0
U2362,Anonymous,M,0
U2363,Anonymous,M,0
U2364,Anonymous,M,0
U2365,Anonymous,M,0
U2366,Anonymous,M,0
U2367,Anonymous,M,0
U2368,Anonymous,M,0
U2369,Anonymous,M,0
U2370,Anonymous,M,0
U2371,Anonymous,M,0
U2372,Anonymous,M,0
U2373,Anonymous,M,0
U2374,Anonymous,M,0
U2375,Anonymous,M,0
U2376,Anonymous,M,0
U2377,Anonymous,M,0
U2378,Anonymous,M,0
U2379,Anonymous,M,0
U2380,Anonymous,M,0
U2381,Anonymous,M,0
U2382,Anonymous,M,0
U2383,Anonymous,M,0
U2384,Anonymous,M,0
U2385,Anonymous,M,0
U2386,Anonymous,M,0
U2387,Anonymous,M,0
U2388,Anonymous,M,0
U2389,Anonymous,M,0
U2390,Anonymous,M,0
U2391,Anonymous,M,0
U2392,Anonymous,M,0
U2393,Anonymous,M,0
U2394,Anonymous,M,0
U2395,Anonymous,M,0
U2396,Anonymous,M,0
U2397,Anonymous,M,0
U2398,Anonymous,M,0
U2399,Anonymous,M,0
U2400,Anonymous,M,0
U2401,Anonymous,M,0
U2402,Anonymous,M,0
U2403,Anonymous,M,0
U2404,Anonymous,M,0
U2405,Anonymous,M,0
U2406,Anonymous,M,0
U2407,Anonymous,M,0
U2408,Anonymous,M,0
U2409,Anonymous,M,0
U2410,Anonymous,M,0
U2411,Anonymous,M,0
U2412,Anonymous,M,0
U2413,Anonymous,M,0
U2414,Anonymous,M,0
U2415,Anonymous,M,0
U2416,Anonymous,M,0
U2417,Anonymous,M,0
U2418,Anonymous,M,0
U2419,Anonymous,M,0
U2420,Anonymous,M,0
U2421,Anonymous,M,0
U2422,Anonymous,M,0
U2423,Anonymous,M,0
U2424,Anonymous,M,0
U2425,Anonymous,M,0
U2426,Anonymous,M,0
U2427,Anonymous,M,0
U2428,Anonymous,M,0
U2429,Anonymous,M,0
U2430,Anonymous,M,0
U2431,Anonymous,M,0
U2432,Anonymous,M,0
U2433,Anonymous,M,0
U2434,Anonymous,M,0
U2435,Anonymous,M,0
U2436,Anonymous,M,0
U2437,Anonymous,M,0
U2438,Anonymous,M,0
U2439,Anonymous,M,0
U2440,Anonymous,M,0
U2441,Anonymous,M,0
U2442,Anonymous,M,0
U2443,Anonymous,M,0
U2444,Anonymous,M,0
U2445,Anonymous,M,0
U2446,Anonymous,M,0
U2447,Anonymous,M,0
U2448,Anonymous,M,0
U2449,Anonymous,M,0
U2450,Anonymous,M,0
U2451,Anonymous,M,0
U2452,Anonymous,M,0
U2453,Anonymous,M,0
U2454,Anonymous,M,0
U2455,Anonymous,M,0
U2456,Anonymous,M,0
U2457,Anonymous,M,0
U2458,Anonymous,M,0
U2459,Anonymous,M,0
U2460,Anonymous,M,0
U2461,Anonymous,M,0
U2462,Anonymous,M,0
U2463,Anonymous,M,0
U2464,Anonymous,M,0
U2465,Anonymous,M,0
U2466,Anonymous,M,0
U2467,Anonymous,M,0
U2468,Anonymous,M,0
U2469,Anonymous,M,0
U2470,Anonymous,M,0
U2471,Anonymous,M,0
U2472,Anonymous,M,0
U2473,Anonymous,M,0
U2474,Anonymous,M,0
U2475,Anonymous,M,0
U2476,Anonymous,M,0
U2477,Anonymous,M,0
U2478,Anonymous,M,0
U2479,Anonymous,M,0
U2480,Anonymous,M,0
U2481,Anonymous,M,0
U2482,Anonymous,M,0
U2483,Anonymous,M,0
U2484,Anonymous,M,0
U2485,Anonymous,M,0
U2486,Anonymous,M,0
U2487,Anonymous,M,0
U2488,Anonymous,M,0
U2489,Anonymous,M,0
U2490,Anonymous,M,0
U2491,Anonymous,M,0
U2492,Anonymous,M,0
U2493,Anonymous,M,0
U2494,Anonymous,M,0
U2495,Anonymous,M,0
U2496,Anonymous,M,0
U2497,Anonymous,M,0
U2498,Anonymous,M,0
U2499,Anonymous,M,0
U2500,Anonymous,M,0
U2501,Anonymous,M,0
U2502,Anonymous,M,0
U2503,Anonymous,M,0
U2504,Anonymous,M,0
U2505,Anonymous,M,0
U2506,Anonymous,M,0
U2507,Anonymous,M,0
U2508,Anonymous,M,0
U2509,Anonymous,M,0
U2510,Anonymous,M,0
U2511,Anonymous,M,0
U2512,Anonymous,M,0
U2513,Anonymous,M,0
U2514,Anonymous,M,0
U2515,Anonymous,M,0
U2516,Anonymous,M,0
U2517,Anonymous,M,0
U2518,Anonymous,M,0
U2519,Anonymous,M,0
U2520,Anonymous,M,0
U2521,Anonymous,M,0
U2522,Anonymous,M,0
U2523,Anonymous,M,0
U2524,Anonymous,M,0
U2525,Anonymous,M,0
U2526,Anonymous,M,0
U2527,Anonymous,M,0
U2528,Anonymous,M,0
U2529,Anonymous,M,0
U2530,Anonymous,M,0
U2531,Anonymous,M,0
U2532,Anonymous,M,0
U2533,Anonymous,M,0
U2534,Anonymous,M,0
U2535,Anonymous,M,0
U2536,Anonymous,M,0
U2537,Anonymous,M,0
U2538,Anonymous,M,0
U2539,Anonymous,M,0
U2540,Anonymous,M,0
U2541,Anonymous,M,0
U2542,Anonymous,M,0
U2543,Anonymous,M,0
U2544,Anonymous,M,0
U2545,Anonymous,M,0
U2546,Anonymous,M,0
U2547,Anonymous,M,0
U2548,Anonymous,M,0
U2549,Anonymous,M,0
U2550,Anonymous,M,0
U2551,Anonymous,M,0
U2552,Anonymous,M,0
U2553,Anonymous,M,0
U2554,Anonymous,M,0
U2555,Anonymous,M,0
U2556,Anonymous,M,0
U2557,Anonymous,M,0
U2558,Anonymous,M,0
U2559,Anonymous,M,0
U2560,Anonymous,M,0
U2561,Anonymous,M,0
U2562,Anonymous,M,0
U2563,Anonymous,M,0
U2564,Anonymous,M,0
U2565,Anonymous,M,0
U2566,Anonymous,M,0
U2567,Anonymous,M,0
U2568,Anonymous,M,0
U2569,Anonymous,M,0
U2570,Anonymous,M,0
U2571,Anonymous,M,0
U2572,Anonymous,M,0
U2573,Anonymous,M,0
U2574,Anonymous,M,0
U2575,Anonymous,M,0
U2576,Anonymous,M,0
U2577,Anonymous,M,0
U2578,Anonymous,M,0
U2579,Anonymous,M,0
U2580,Anonymous,M,0
U2581,Anonymous,M,0
U2582,Anonymous,M,0
U2583,Anonymous,M,0
U2584,Anonymous,M,0
U2585,Anonymous,M,0
U2586,Anonymous,M,0
U2587,Anonymous,M,0
U2588,Anonymous,M,0
U2589,Anonymous,M,0
U2590,Anonymous,M,0
U2591,Anonymous,M,0
U2592,Anonymous,M,0
U2593,Anonymous,M,0
U2594,Anonymous,M,0
U2595,Anonymous,M,0
U2596,Anonymous,M,0
U2597,Anonymous,M,0
U2598,Anonymous,M,0
U2599,Anonymous,M,0
U2600,Anonymous,M,0
U2601,Anonymous,M,0
U2602,Anonymous,M,0
U2603,Anonymous,M,0
U2604,Anonymous,M,0
U2605,Anonymous,M,0
U2606,Anonymous,M,0
U2607,Anonymous,M,0
U2608,Anonymous,M,0
U2609,Anonymous,M,0
U2610,Anonymous,M,0
U2611,Anonymous,M,0
U2612,Anonymous,M,0
U2613,Anonymous,M,0
U2614,Anonymous,M,0
U2615,Anonymous,M,0
U2616,Anonymous,M,0
U2617,Anonymous,M,0
U2618,Anonymous,M,0
U2619,Anonymous,M,0
U2620,Anonymous,M,0
U2621,Anonymous,M,0
U2622,Anonymous,M,0
U2623,Anonymous,M,0
U2624,Anonymous,M,0
U2625,Anonymous,M,0
U2626,Anonymous,M,0
U2627,Anonymous,M,0
U2628,Anonymous,M,0
U2629,Anonymous,M,0
U2630,Anonymous,M,0
U2631,Anonymous,M,0
U2632,Anonymous,M,0
U2633,Anonymous,M,0
U2634,Anonymous,M,0
U2635,Anonymous,M,0
U2636,Anonymous,M,0
U2637,Anonymous,M,0
U2638,Anonymous,M,0
U2639,Anonymous,M,0
U2640,Anonymous,M,0
U2641,Anonymous,M,0
U2642,Anonymous,M,0
U2643,Anonymous,M,0
U2644,Anonymous,M,0
U2645,Anonymous,M,0
U2646,Anonymous,M,0
U2647,Anonymous,M,0
U2648,Anonymous,M,0
U2649,Anonymous,M,0
U2650,Anonymous,M,0
U2651,Anonymous,M,0
U2652,Anonymous,M,0
U2653,Anonymous,M,0
U2654,Anonymous,M,0
U2655,Anonymous,M,0
U2656,Anonymous,M,0
U2657,Anonymous,M,0
U2658,Anonymous,M,0
U2659,Anonymous,M,0
U2660,Anonymous,M,0
U2661,Anonymous,M,0
U2662,Anonymous,M,0
U2663,Anonymous,M,0
U2664,Anonymous,M,0
U2665,Anonymous,M,0
U2666,Anonymous,M,0
U2667,Anonymous,M,0
U2668,Anonymous,M,0
U2669,Anonymous,M,0
U2670,Anonymous,M,0
U2671,Anonymous,M,0
U2672,Anonymous,M,0
U2673,Anonymous,M,0
U2674,Anonymous,M,0
U2675,Anonymous,M,0
U2676,Anonymous,M,0
U2677,Anonymous,M,0
U2678,Anonymous,M,0
U2679,Anonymous,M,0
U2680,Anonymous,M,0
U2681,Anonymous,M,0
U2682,Anonymous,M,0
U2683,Anonymous,M,0
U2684,Anonymous,M,0
U2685,Anonymous,M,0
U2686,Anonymous,M,0
U2687,Anonymous,M,0
U2688,Anonymous,M,0
U2689,Anonymous,M,0
U2690,Anonymous,M,0
U2691,Anonymous,M,0
U2692,Anonymous,M,0
U2693,Anonymous,M,0
U2694,Anonymous,M,0
U2695,Anonymous,M,0
U2696,Anonymous,M,0
U2697,Anonymous,M,0
U2698,Anonymous,M,0
U2699,Anonymous,M,0
U2700,Anonymous,M,0
U2701,Anonymous,M,0
U2702,Anonymous,M,0
U2703,Anonymous,M,0
U2704,Anonymous,M,0
U2705,Anonymous,M,0
U2706,Anonymous,M,0
U2707,Anonymous,M,0
U2708,Anonymous,M,0
U2709,Anonymous,M,0
U2710,Anonymous,M,0
U2711,Anonymous,M,0
U2712,Anonymous,M,0
U2713,Anonymous,M,0
U2714,Anonymous,M,0
U2715,Anonymous,M,0
U2716,Anonymous,M,0
U2717,Anonymous,M,0
U2718,Anonymous,M,0
U2719,Anonymous,M,0
U2720,Anonymous,M,0
U2721,Anonymous,M,0
U2722,Anonymous,M,0
U2723,Anonymous,M,0
U2724,Anonymous,M,0
U2725,Anonymous,M,0
U2726,Anonymous,M,0
U2727,Anonymous,M,0
U2728,Anonymous,M,0
U2729,Anonymous,M,0
U2730,Anonymous,M,0
U2731,Anonymous,M,0
U2732,Anonymous,M,0
U2733,Anonymous,M,0
U2734,Anonymous,M,0
U2735,Anonymous,M,0
U2736,Anonymous,M,0
U2737,Anonymous,M,0
U2738,Anonymous,M,0
U2739,Anonymous,M,0
U2740,Anonymous,M,0
U2741,Anonymous,M,0
U2742,Anonymous,M,0
U2743,Anonymous,M,0
U2744,Anonymous,M,0
U2745,Anonymous,M,0
U2746,Anonymous,M,0
U2747,Anonymous,M,0
U2748,Anonymous,M,0
U2749,Anonymous,M,0
U2750,Anonymous,M,0
U2751,Anonymous,M,0
U2752,Anonymous,M,0
U2753,Anonymous,M,0
U2754,Anonymous,M,0
U2755,Anonymous,M,0
U2756,Anonymous,M,0
U2757,Anonymous,M,0
U2758,Anonymous,M,0
U2759,Anonymous,M,0
U2760,Anonymous,M,0
U2761,Anonymous,M,0
U2762,Anonymous,M,0
U2763,Anonymous,M,0
U2764,Anonymous,M,0
U2765,Anonymous,M,0
U2766,Anonymous,M,0
U2767,Anonymous,M,0
U2768,Anonymous,M,0
U2769,Anonymous,M,0
U2770,Anonymous,M,0
U2771,Anonymous,M,0
U2772,Anonymous,M,0
U2773,Anonymous,M,0
U2774,Anonymous,M,0
U2775,Anonymous,M,0
U2776,Anonymous,M,0
U2777,Anonymous,M,0
U2778,Anonymous,M,0
U2779,Anonymous,M,0
U2780,Anonymous,M,0
U2781,Anonymous,M,0
U2782,Anonymous,M,0
U2783,Anonymous,M,0
U2784,Anonymous,M,0
U2785,Anonymous,M,0
U2786,Anonymous,M,0
U2787,Anonymous,M,0
U2788,Anonymous,M,0
U2789,Anonymous,M,0
U2790,Anonymous,M,0
U2791,Anonymous,M,0
U2792,Anonymous,M,0
U2793,Anonymous,M,0
U2794,Anonymous,M,0
U2795,Anonymous,M,0
U2796,Anonymous,M,0
U2797,Anonymous,M,0
U2798,Anonymous,M,0
U2799,Anonymous,M,0
U2800,Anonymous,M,0
U2801,Anonymous,M,0
U2802,Anonymous,M,0
U2803,Anonymous,M,0
U2804,Anonymous,M,0
U2805,Anonymous,M,0
U2806,Anonymous,M,0
U2807,Anonymous,M,0
U2808,Anonymous,M,0
U2809,Anonymous,M,0
U2810,Anonymous,M,0
U2811,Anonymous,M,0
U2812,Anonymous,M,0
U2813,Anonymous,M,0
U2814,Anonymous,M,0
U2815,Anonymous,M,0
U2816,Anonymous,M,0
U2817,Anonymous,M,0
U2818,Anonymous,M,0
U2819,Anonymous,M,0
U2820,Anonymous,M,0
U2821,Anonymous,M,0
U2822,Anonymous,M,0
U2823,Anonymous,M,0
U2824,Anonymous,M,0
U2825,Anonymous,M,0
U2826,Anonymous,M,0
U2827,Anonymous,M,0
U2828,Anonymous,M,0
U2829,Anonymous,M,0
U2830,Anonymous,M,0
U2831,Anonymous,M,0
U2832,Anonymous,M,0
U2833,Anonymous,M,0
U2834,Anonymous,M,0
U2835,Anonymous,M,0
U2836,Anonymous,M,0
U2837,Anonymous,M,0
U2838,Anonymous,M,0
U2839,Anonymous,M,0
U2840,Anonymous,M,0
U2841,Anonymous,M,0
U2842,Anonymous,M,0
U2843,Anonymous,M,0
U2844,Anonymous,M,0
U2845,Anonymous,M,0
U2846,Anonymous,M,0
U2847,Anonymous,M,0
U2848,Anonymous,M,0
U2849,Anonymous,M,0
U2850,Anonymous,M,0
U2851,Anonymous,M,0
U2852,Anonymous,M,0
U2853,Anonymous,M,0
U2854,Anonymous,M,0
U2855,Anonymous,M,0
U2856,Anonymous,M,0
U2857,Anonymous,M,0
U2858,Anonymous,M,0
U2859,Anonymous,M,0
U2860,Anonymous,M,0
U2861,Anonymous,M,0
U2862,Anonymous,M,0
U2863,Anonymous,M,0
U2864,Anonymous,M,0
U2865,Anonymous,M,0
U2866,Anonymous,M,0
U2867,Anonymous,M,0
U2868,Anonymous,M,0
U2869,Anonymous,M,0
U2870,Anonymous,M,0
U2871,Anonymous,M,0
U2872,Anonymous,M,0
U2873,Anonymous,M,0
U2874,Anonymous,M,0
U2875,Anonymous,M,0
U2876,Anonymous,M,0
U2877,Anonymous,M,0
U2878,Anonymous,M,0
U2879,Anonymous,M,0
U2880,Anonymous,M,0
U2881,Anonymous,M,0
U2882,Anonymous,M,0
U2883,Anonymous,M,0
U2884,Anonymous,M,0
U2885,Anonymous,M,0
U2886,Anonymous,M,0
U2887,Anonymous,M,0
U2888,Anonymous,M,0
U2889,Anonymous,M,0
U2890,Anonymous,M,0
U2891,Anonymous,M,0
U2892,Anonymous,M,0
U2893,Anonymous,M,0
U2894,Anonymous,M,0
U2895,Anonymous,M,0
U2896,Anonymous,M,0
U2897,Anonymous,M,0
U2898,Anonymous,M,0
U2899,Anonymous,M,0
U2900,Anonymous,M,0
U2901,Anonymous,M,0
U2902,Anonymous,M,0
U2903,Anonymous,M,0
U2904,Anonymous,M,0
U2905,Anonymous,M,0
U2906,Anonymous,M,0
U2907,Anonymous,M,0
U2908,Anonymous,M,0
U2909,Anonymous,M,0
U2910,Anonymous,M,0
U2911,Anonymous,M,0
U2912,Anonymous,M,0
U2913,Anonymous,M,0
U2914,Anonymous,M,0
U2915,Anonymous,M,0
U2916,Anonymous,M,0
U2917,Anonymous,M,0
U2918,Anonymous,M,0
U2919,Anonymous,M,0
U2920,Anonymous,M,0
U2921,Anonymous,M,0
U2922,Anonymous,M,0
U2923,Anonymous,M,0
U2924,Anonymous,M,0
U2925,Anonymous,M,0
U2926,Anonymous,M,0
U2927,Anonymous,M,0
U2928,Anonymous,M,0
U2929,Anonymous,M,0
U2930,Anonymous,M,0
U2931,Anonymous,M,0
U2932,Anonymous,M,0
U2933,Anonymous,M,0
U2934,Anonymous,M,0
U2935,Anonymous,M,0
U2936,Anonymous,M,0
U2937,Anonymous,M,0
U2938,Anonymous,M,0
U2939,Anonymous,M,0
U2940,Anonymous,M,0
U2941,Anonymous,M,0
U2942,Anonymous,M,0
U2943,Anonymous,M,0
U2944,Anonymous,M,0
U2945,Anonymous,M,0
U2946,Anonymous,M,0
U2947,Anonymous,M,0
U2948,Anonymous,M,0
U2949,Anonymous,M,0
U2950,Anonymous,M,0
U2951,Anonymous,M,0
U2952,Anonymous,M,0
U2953,Anonymous,M,0
U2954,Anonymous,M,0
U2955,Anonymous,M,0
U2956,Anonymous,M,0
U2957,Anonymous,M,0
U2958,Anonymous,M,0
U2959,Anonymous,M,0
U2960,Anonymous,M,0
U2961,Anonymous,M,0
U2962,Anonymous,M,0
U2963,Anonymous,M,0
U2964,Anonymous,M,0
U2965,Anonymous,M,0
U2966,Anonymous,M,0
U2967,Anonymous,M,0
U2968,Anonymous,M,0
U2969,Anonymous,M,0
U2970,Anonymous,M,0
U2971,Anonymous,M,0
U2972,Anonymous,M,0
U2973,Anonymous,M,0
U2974,Anonymous,M,0
U2975,Anonymous,M,0
U2976,Anonymous,M,0
U2977,Anonymous,M,0
U2978,Anonymous,M,0
U2979,Anonymous,M,0
U2980,Anonymous,M,0
U2981,Anonymous,M,0
U2982,Anonymous,M,0
U2983,Anonymous,M,0
U2984,Anonymous,M,0
U2985,Anonymous,M,0
U2986,Anonymous,M,0
U2987,Anonymous,M,0
U2988,Anonymous,M,0
U2989,Anonymous,M,0
U2990,Anonymous,M,0
U2991,Anonymous,M,0
U2992,Anonymous,M,0
U2993,Anonymous,M,0
U2994,Anonymous,M,0
U2995,Anonymous,M,0
U2996,Anonymous,M,0
U2997,Anonymous,M,0
U2998,Anonymous,M,0
U2999,Anonymous,M,0
U3000,Anonymous,M,0
U3001,Anonymous,M,0
U3002,Anonymous,M,0
U3003,Anonymous,M,0
U3004,Anonymous,M,0
U3005,Anonymous,M,0
U3006,Anonymous,M,0
U3007,Anonymous,M,0
U3008,Anonymous,M,0
U3009,Anonymous,M,0
U3010,Anonymous,M,0
U3011,Anonymous,M,0
U3012,Anonymous,M,0
U3013,Anonymous,M,0
U3014,Anonymous,M,0
U3015,Anonymous,M,0
U3016,Anonymous,M,0
U3017,Anonymous,M,0
U3018,Anonymous,M,0
U3019,Anonymous,M,0
U3020,Anonymous,M,0
U3021,Anonymous,M,0
U3022,Anonymous,M,0
U3023,Anonymous,M,0
U3024,Anonymous,M,0
U3025,Anonymous,M,0
U3026,Anonymous,M,0
U3027,Anonymous,M,0
U3028,Anonymous,M,0
U3029,Anonymous,M,0
U3030,Anonymous,M,0
U3031,Anonymous,M,0
U3032,Anonymous,M,0
U3033,Anonymous,M,0
U3034,Anonymous,M,0
U3035,Anonymous,M,0
U3036,Anonymous,M,0
U3037,Anonymous,M,0
U3038,Anonymous,M,0
U3039,Anonymous,M,0
U3040,Anonymous,M,0
U3041,Anonymous,M,0
U3042,Anonymous,M,0
U3043,Anonymous,M,0
U3044,Anonymous,M,0
U3045,Anonymous,M,0
U3046,Anonymous,M,0
U3047,Anonymous,M,0
U3048,Anonymous,M,0
U3049,Anonymous,M,0
U3050,Anonymous,M,0
U3051,Anonymous,M,0
U3052,Anonymous,M,0
U3053,Anonymous,M,0
U3054,Anonymous,M,0
U3055,Anonymous,M,0
U3056,Anonymous,M,0
U3057,Anonymous,M,0
U3058,Anonymous,M,0
U3059,Anonymous,M,0
U3060,Anonymous,M,0
U3061,Anonymous,M,0
U3062,Anonymous,M,0
U3063,Anonymous,M,0
U3064,Anonymous,M,0
U3065,Anonymous,M,0
U3066,Anonymous,M,0
U3067,Anonymous,M,0
U3068,Anonymous,M,0
U3069,Anonymous,M,0
U3070,Anonymous,M,0
U3071,Anonymous,M,0
U3072,Anonymous,M,0
U3073,Anonymous,M,0
U3074,Anonymous,M,0
U3075,Anonymous,M,0
U3076,Anonymous,M,0
U3077,Anonymous,M,0
U3078,Anonymous,M,0
U3079,Anonymous,M,0
U3080,Anonymous,M,0
U3081,Anonymous,M,0
U3082,Anonymous,M,0
U3083,Anonymous,M,0
U3084,Anonymous,M,0
U3085,Anonymous,M,0
U3086,Anonymous,M,0
U3087,Anonymous,M,0
U3088,Anonymous,M,0
U3089,Anonymous,M,0
U3090,Anonymous,M,0
U3091,Anonymous,M,0
U3092,Anonymous,M,0
U3093,Anonymous,M,0
U3094,Anonymous,M,0
U3095,Anonymous,M,0
U3096,Anonymous,M,0
U3097,Anonymous,M,0
U3098,Anonymous,M,0
U3099,Anonymous,M,0
U3100,Anonymous,M,0
U3101,Anonymous,M,0
U3102,Anonymous,M,0
U3103,Anonymous,M,0
U3104,Anonymous,M,0
U3105,Anonymous,M,0
U3106,Anonymous,M,0
U3107,Anonymous,M,0
U3108,Anonymous,M,0
U3109,Anonymous,M,0
U3110,Anonymous,M,0
U3111,Anonymous,M,0
U3112,Anonymous,M,0
U3113,Anonymous,M,0
U3114,Anonymous,M,0
U3115,Anonymous,M,0
U3116,Anonymous,M,0
U3117,Anonymous,M,0
U3118,Anonymous,M,0
U3119,Anonymous,M,0
U3120,Anonymous,M,0
U3121,Anonymous,M,0
U3122,Anonymous,M,0
U3123,Anonymous,M,0
U3124,Anonymous,M,0
U3125,Anonymous,M,0
U3126,Anonymous,M,0
U3127,Anonymous,M,0
U3128,Anonymous,M,0
U3129,Anonymous,M,0
U3130,Anonymous,M,0
U3131,Anonymous,M,0
U3132,Anonymous,M,0
U3133,Anonymous,M,0
U3134,Anonymous,M,0
U3135,Anonymous,M,0
U3136,Anonymous,M,0
U3137,Anonymous,M,0
U3138,Anonymous,M,0
U3139,Anonymous,M,0
U3140,Anonymous,M,0
U3141,Anonymous,M,0
U3142,Anonymous,M,0
U3143,Anonymous,M,0
U3144,Anonymous,M,0
U3145,Anonymous,M,0
U3146,Anonymous,M,0
U3147,Anonymous,M,0
U3148,Anonymous,M,0
U3149,Anonymous,M,0
U3150,Anonymous,M,0
U3151,Anonymous,M,0
U3152,Anonymous,M,0
U3153,Anonymous,M,0
U3154,Anonymous,M,0
U3155,Anonymous,M,0
U3156,Anonymous,M,0
U3157,Anonymous,M,0
U3158,Anonymous,M,0
U3159,Anonymous,M,0
U3160,Anonymous,M,0
U3161,Anonymous,M,0
U3162,Anonymous,M,0
U3163,Anonymous,M,0
U3164,Anonymous,M,0
U3165,Anonymous,M,0
U3166,Anonymous,M,0
U3167,Anonymous,M,0
U3168,Anonymous,M,0
U3169,Anonymous,M,0
U3170,Anonymous,M,0
U3171,Anonymous,M,0
U3172,Anonymous,M,0
U3173,Anonymous,M,0
U3174,Anonymous,M,0
U3175,Anonymous,M,0
U3176,Anonymous,M,0
U3177,Anonymous,M,0
U3178,Anonymous,M,0
U3179,Anonymous,M,0
U3180,Anonymous,M,0
U3181,Anonymous,M,0
U3182,Anonymous,M,0
U3183,Anonymous,M,0
U3184,Anonymous,M,0
U3185,Anonymous,M,0
U3186,Anonymous,M,0
U3187,Anonymous,M,0
U3188,Anonymous,M,0
U3189,Anonymous,M,0
U3190,Anonymous,M,0
U3191,Anonymous,M,0
U3192,Anonymous,M,0
U3193,Anonymous,M,0
U3194,Anonymous,M,0
U3195,Anonymous,M,0
U3196,Anonymous,M,0
U3197,Anonymous,M,0
U3198,Anonymous,M,0
U3199,Anonymous,M,0
U3200,Anonymous,M,0
U3201,Anonymous,M,0
U3202,Anonymous,M,0
U3203,Anonymous,M,0
U3204,Anonymous,M,0
U3205,Anonymous,M,0
U3206,Anonymous,M,0
U3207,Anonymous,M,0
U3208,Anonymous,M,0
U3209,Anonymous,M,0
U3210,Anonymous,M,0
U3211,Anonymous,M,0
U3212,Anonymous,M,0
U3213,Anonymous,M,0
U3214,Anonymous,M,0
U3215,Anonymous,M,0
U3216,Anonymous,M,0
U3217,Anonymous,M,0
U3218,Anonymous,M,0
U3219,Anonymous,M,0
U3220,Anonymous,M,0
U3221,Anonymous,M,0
U3222,Anonymous,M,0
U3223,Anonymous,M,0
U3224,Anonymous,M,0
U3225,Anonymous,M,0
U3226,Anonymous,M,0
U3227,Anonymous,M,0
U3228,Anonymous,M,0
U3229,Anonymous,M,0
U3230,Anonymous,M,0
U3231,Anonymous,M,0
U3232,Anonymous,M,0
U3233,Anonymous,M,0
U3234,Anonymous,M,0
U3235,Anonymous,M,0
U3236,Anonymous,M,0
U3237,Anonymous,M,0
U3238,Anonymous,M,0
U3239,Anonymous,M,0
U3240,Anonymous,M,0
U3241,Anonymous,M,0
U3242,Anonymous,M,0
U3243,Anonymous,M,0
U3244,Anonymous,M,0
U3245,Anonymous,M,0
U3246,Anonymous,M,0
U3247,Anonymous,M,0
U3248,Anonymous,M,0
U3249,Anonymous,M,0
U3250,Anonymous,M,0
U3251,Anonymous,M,0
U3252,Anonymous,M,0
U3253,Anonymous,M,0
U3254,Anonymous,M,0
U3255,Anonymous,M,0
U3256,Anonymous,M,0
U3257,Anonymous,M,0
U3258,Anonymous,M,0
U3259,Anonymous,M,0
U3260,Anonymous,M,0
U3261,Anonymous,M,0
U3262,Anonymous,M,0
U3263,Anonymous,M,0
U3264,Anonymous,M,0
U3265,Anonymous,M,0
U3266,Anonymous,M,0
U3267,Anonymous,M,0
U3268,Anonymous,M,0
U3269,Anonymous,M,0
U3270,Anonymous,M,0
U3271,Anonymous,M,0
U3272,Anonymous,M,0
U3273,Anonymous,M,0
U3274,Anonymous,M,0
U3275,Anonymous,M,0
U3276,Anonymous,M,0
U3277,Anonymous,M,0
U3278,Anonymous,M,0
U3279,Anonymous,M,0
U3280,Anonymous,M,0
U3281,Anonymous,M,0
U3282,Anonymous,M,0
U3283,Anonymous,M,0
U3284,Anonymous,M,0
U3285,Anonymous,M,0
U3286,Anonymous,M,0
U3287,Anonymous,M,0
U3288,Anonymous,M,0
U3289,Anonymous,M,0
U3290,Anonymous,M,0
U3291,Anonymous,M,0
U3292,Anonymous,M,0
U3293,Anonymous,M,0
U3294,Anonymous,M,0
U3295,Anonymous,M,0
U3296,Anonymous,M,0
U3297,Anonymous,M,0
U3298,Anonymous,M,0
U3299,Anonymous,M,0
U3300,Anonymous,M,0
U3301,Anonymous,M,0
U3302,Anonymous,M,0
U3303,Anonymous,M,0
U3304,Anonymous,M,0
U3305,Anonymous,M,0
U3306,Anonymous,M,0
U3307,Anonymous,M,0
U3308,Anonymous,M,0
U3309,Anonymous,M,0
U3310,Anonymous,M,0
U3311,Anonymous,M,0
U3312,Anonymous,M,0
U3313,Anonymous,M,0
U3314,Anonymous,M,0
U3315,Anonymous,M,0
U3316,Anonymous,M,0
U3317,Anonymous,M,0
U3318,Anonymous,M,0
U3319,Anonymous,M,0
U3320,Anonymous,M,0
U3321,Anonymous,M,0
U3322,Anonymous,M,0
U3323,Anonymous,M,0
U3324,Anonymous,M,0
U3325,Anonymous,M,0
U3326,Anonymous,M,0
U3327,Anonymous,M,0
U3328,Anonymous,M,0
U3329,Anonymous,M,0
U3330,Anonymous,M,0
U3331,Anonymous,M,0
U3332,Anonymous,M,0
U3333,Anonymous,M,0
U3334,Anonymous,M,0
U3335,Anonymous,M,0
U3336,Anonymous,M,0
U3337,Anonymous,M,0
U3338,Anonymous,M,0
U3339,Anonymous,M,0
U3340,Anonymous,M,0
U3341,Anonymous,M,0
U3342,Anonymous,M,0
U3343,Anonymous,M,0
U3344,Anonymous,M,0
U3345,Anonymous,M,0
U3346,Anonymous,M,0
U3347,Anonymous,M,0
U3348,Anonymous,M,0
U3349,Anonymous,M,0
U3350,Anonymous,M,0
U3351,Anonymous,M,0
U3352,Anonymous,M,0
U3353,Anonymous,M,0
U3354,Anonymous,M,0
U3355,Anonymous,M,0
U3356,Anonymous,M,0
U3357,Anonymous,M,0
U3358,Anonymous,M,0
U3359,Anonymous,M,0
U3360,Anonymous,M,0
U3361,Anonymous,M,0
U3362,Anonymous,M,0
U3363,Anonymous,M,0
U3364,Anonymous,M,0
U3365,Anonymous,M,0
U3366,Anonymous,M,0
U3367,Anonymous,M,0
U3368,Anonymous,M,0
U3369,Anonymous,M,0
U3370,Anonymous,M,0
U3371,Anonymous,M,0
U3372,Anonymous,M,0
U3373,Anonymous,M,0
U3374,Anonymous,M,0
U3375,Anonymous,M,0
U3376,Anonymous,M,0
U3377,Anonymous,M,0
U3378,Anonymous,M,0
U3379,Anonymous,M,0
U3380,Anonymous,M,0
U3381,Anonymous,M,0
U3382,Anonymous,M,0
U3383,Anonymous,M,0
U3384,Anonymous,M,0
U3385,Anonymous,M,0
U3386,Anonymous,M,0
U3387,Anonymous,M,0
U3388,Anonymous,M,0
U3389,Anonymous,M,0
U3390,Anonymous,M,0
U3391,Anonymous,M,0
U3392,Anonymous,M,0
U3393,Anonymous,M,0
U3394,Anonymous,M,0
U3395,Anonymous,M,0
U3396,Anonymous,M,0
U3397,Anonymous,M,0
U3398,Anonymous,M,0
U3399,Anonymous,M,0
U3400,Anonymous,M,0
U3401,Anonymous,M,0
U3402,Anonymous,M,0
U3403,Anonymous,M,0
U3404,Anonymous,M,0
U3405,Anonymous,M,0
U3406,Anonymous,M,0
U3407,Anonymous,M,0
U3408,Anonymous,M,0
U3409,Anonymous,M,0
U3410,Anonymous,M,0
U3411,Anonymous,M,0
U3412,Anonymous,M,0
U3413,Anonymous,M,0
U3414,Anonymous,M,0
U3415,Anonymous,M,0
U3416,Anonymous,M,0
U3417,Anonymous,M,0
U3418,Anonymous,M,0
U3419,Anonymous,M,0
U3420,Anonymous,M,0
U3421,Anonymous,M,0
U3422,Anonymous,M,0
U3423,Anonymous,M,0
U3424,Anonymous,M,0
U3425,Anonymous,M,0
U3426,Anonymous,M,0
U3427,Anonymous,M,0
U3428,Anonymous,M,0
U3429,Anonymous,M,0
U3430,Anonymous,M,0
U3431,Anonymous,M,0
U3432,Anonymous,M,0
U3433,Anonymous,M,0
U3434,Anonymous,M,0
U3435,Anonymous,M,0
U3436,Anonymous,M,0
U3437,Anonymous,M,0
U3438,Anonymous,M,0
U3439,Anonymous,M,0
U3440,Anonymous,M,0
U3441,Anonymous,M,0
U3442,Anonymous,M,0
U3443,Anonymous,M,0
U3444,Anonymous,M,0
U3445,Anonymous,M,0
U3446,Anonymous,M,0
U3447,Anonymous,M,0
U3448,Anonymous,M,0
U3449,Anonymous,M,0
U3450,Anonymous,M,0
U3451,Anonymous,M,0
U3452,Anonymous,M,0
U3453,Anonymous,M,0
U3454,Anonymous,M,0
U3455,Anonymous,M,0
U3456,Anonymous,M,0
U3457,Anonymous,M,0
U3458,Anonymous,M,0
U3459,Anonymous,M,0
U3460,Anonymous,M,0
U3461,Anonymous,M,0
U3462,Anonymous,M,0
U3463,Anonymous,M,0
U3464,Anonymous,M,0
U3465,Anonymous,M,0
U3466,Anonymous,M,0
U3467,Anonymous,M,0
U3468,Anonymous,M,0
U3469,Anonymous,M,0
U3470,Anonymous,M,0
U3471,Anonymous,M,0
U3472,Anonymous,M,0
U3473,Anonymous,M,0
U3474,Anonymous,M,0
U3475,Anonymous,M,0
U3476,Anonymous,M,0
U3477,Anonymous,M,0
U3478,Anonymous,M,0
U3479,Anonymous,M,0
U3480,Anonymous,M,0
U3481,Anonymous,M,0
U3482,Anonymous,M,0
U3483,Anonymous,M,0
U3484,Anonymous,M,0
U3485,Anonymous,M,0
U3486,Anonymous,M,0
U3487,Anonymous,M,0
U3488,Anonymous,M,0
U3489,Anonymous,M,0
U3490,Anonymous,M,0
U3491,Anonymous,M,0
U3492,Anonymous,M,0
U3493,Anonymous,M,0
U3494,Anonymous,M,0
U3495,Anonymous,M,0
U3496,Anonymous,M,0
U3497,Anonymous,M,0
U3498,Anonymous,M,0
U3499,Anonymous,M,0
U3500,Anonymous,M,0
U3501,Anonymous,M,0
U3502,Anonymous,M,0
U3503,Anonymous,M,0
U3504,Anonymous,M,0
U3505,Anonymous,M,0
U3506,Anonymous,M,0
U3507,Anonymous,M,0
U3508,Anonymous,M,0
U3509,Anonymous,M,0
U3510,Anonymous,M,0
U3511,Anonymous,M,0
U3512,Anonymous,M,0
U3513,Anonymous,M,0
U3514,Anonymous,M,0
U3515,Anonymous,M,0
U3516,Anonymous,M,0
U3517,Anonymous,M,0
U3518,Anonymous,M,0
U3519,Anonymous,M,0
U3520,Anonymous,M,0
U3521,Anonymous,M,0
U3522,Anonymous,M,0
U3523,Anonymous,M,0
U3524,Anonymous,M,0
U3525,Anonymous,M,0
U3526,Anonymous,M,0
U3527,Anonymous,M,0
U3528,Anonymous,M,0
U3529,Anonymous,M,0
U3530,Anonymous,M,0
U3531,Anonymous,M,0
U3532,Anonymous,M,0
U3533,Anonymous,M,0
U3534,Anonymous,M,0
U3535,Anonymous,M,0
U3536,Anonymous,M,0
U3537,Anonymous,M,0
U3538,Anonymous,M,0
U3539,Anonymous,M,0
U3540,Anonymous,M,0
U3541,Anonymous,M,0
U3542,Anonymous,M,0
U3543,Anonymous,M,0
U3544,Anonymous,M,0
U3545,Anonymous,M,0
U3546,Anonymous,M,0
U3547,Anonymous,M,0
U3548,Anonymous,M,0
U3549,Anonymous,M,0
U3550,Anonymous,M,0
U3551,Anonymous,M,0
U3552,Anonymous,M,0
U3553,Anonymous,M,0
U3554,Anonymous,M,0
U3555,Anonymous,M,0
U3556,Anonymous,M,0
U3557,Anonymous,M,0
U3558,Anonymous,M,0
U3559,Anonymous,M,0
U3560,Anonymous,M,0
U3561,Anonymous,M,0
U3562,Anonymous,M,0
U3563,Anonymous,M,0
U3564,Anonymous,M,0
U3565,Anonymous,M,0
U3566,Anonymous,M,0
U3567,Anonymous,M,0
U3568,Anonymous,M,0
U3569,Anonymous,M,0
U3570,Anonymous,M,0
U3571,Anonymous,M,0
U3572,Anonymous,M,0
U3573,Anonymous,M,0
U3574,Anonymous,M,0
U3575,Anonymous,M,0
U3576,Anonymous,M,0
U3577,Anonymous,M,0
U3578,Anonymous,M,0
U3579,Anonymous,M,0
U3580,Anonymous,M,0
U3581,Anonymous,M,0
U3582,Anonymous,M,0
U3583,Anonymous,M,0
U3584,Anonymous,M,0
U3585,Anonymous,M,0
U3586,Anonymous,M,0
U3587,Anonymous,M,0
U3588,Anonymous,M,0
U3589,Anonymous,M,0
U3590,Anonymous,M,0
U3591,Anonymous,M,0
U3592,Anonymous,M,0
U3593,Anonymous,M,0
U3594,Anonymous,M,0
U3595,Anonymous,M,0
U3596,Anonymous,M,0
U3597,Anonymous,M,0
U3598,Anonymous,M,0
U3599,Anonymous,M,0
U3600,Anonymous,M,0
U3601,Anonymous,M,0
U3602,Anonymous,M,0
U3603,Anonymous,M,0
U3604,Anonymous,M,0
U3605,Anonymous,M,0
U3606,Anonymous,M,0
U3607,Anonymous,M,0
U3608,Anonymous,M,0
U3609,Anonymous,M,0
U3610,Anonymous,M,0
U3611,Anonymous,M,0
U3612,Anonymous,M,0
U3613,Anonymous,M,0
U3614,Anonymous,M,0
U3615,Anonymous,M,0
U3616,Anonymous,M,0
U3617,Anonymous,M,0
U3618,Anonymous,M,0
U3619,Anonymous,M,0
U3620,Anonymous,M,0
U3621,Anonymous,M,0
U3622,Anonymous,M,0
U3623,Anonymous,M,0
U3624,Anonymous,M,0
U3625,Anonymous,M,0
U3626,Anonymous,M,0
U3627,Anonymous,M,0
U3628,Anonymous,M,0
U3629,Anonymous,M,0
U3630,Anonymous,M,0
U3631,Anonymous,M,0
U3632,Anonymous,M,0
U3633,Anonymous,M,0
U3634,Anonymous,M,0
U3635,Anonymous,M,0
U3636,Anonymous,M,0
U3637,Anonymous,M,0
U3638,Anonymous,M,0
U3639,Anonymous,M,0
U3640,Anonymous,M,0
U3641,Anonymous,M,0
U3642,Anonymous,M,0
U3643,Anonymous,M,0
U3644,Anonymous,M,0
U3645,Anonymous,M,0
U3646,Anonymous,M,0
U3647,Anonymous,M,0
U3648,Anonymous,M,0
U3649,Anonymous,M,0
U3650,Anonymous,M,0
U3651,Anonymous,M,0
U3652,Anonymous,M,0
U3653,Anonymous,M,0
U3654,Anonymous,M,0
U3655,Anonymous,M,0
U3656,Anonymous,M,0
U3657,Anonymous,M,0
U3658,Anonymous,M,0
U3659,Anonymous,M,0
U3660,Anonymous,M,0
U3661,Anonymous,M,0
U3662,Anonymous,M,0
U3663,Anonymous,M,0
U3664,Anonymous,M,0
U3665,Anonymous,M,0
U3666,Anonymous,M,0
U3667,Anonymous,M,0
U3668,Anonymous,M,0
U3669,Anonymous,M,0
U3670,Anonymous,M,0
U3671,Anonymous,M,0
U3672,Anonymous,M,0
U3673,Anonymous,M,0
U3674,Anonymous,M,0
U3675,Anonymous,M,0
U3676,Anonymous,M,0
U3677,Anonymous,M,0
U3678,Anonymous,M,0
U3679,Anonymous,M,0
U3680,Anonymous,M,0
U3681,Anonymous,M,0
U3682,Anonymous,M,0
U3683,Anonymous,M,0
U3684,Anonymous,M,0
U3685,Anonymous,M,0
U3686,Anonymous,M,0
U3687,Anonymous,M,0
U3688,Anonymous,M,0
U3689,Anonymous,M,0
U3690,Anonymous,M,0
U3691,Anonymous,M,0
U3692,Anonymous,M,0
U3693,Anonymous,M,0
U3694,Anonymous,M,0
U3695,Anonymous,M,0
U3696,Anonymous,M,0
U3697,Anonymous,M,0
U3698,Anonymous,M,0
U3699,Anonymous,M,0
U3700,Anonymous,M,0
U3701,Anonymous,M,0
U3702,Anonymous,M,0
U3703,Anonymous,M,0
U3704,Anonymous,M,0
U3705,Anonymous,M,0
U3706,Anonymous,M,0
U3707,Anonymous,M,0
U3708,Anonymous,M,0
U3709,Anonymous,M,0
U3710,Anonymous,M,0
U3711,Anonymous,M,0
U3712,Anonymous,M,0
U3713,Anonymous,M,0
U3714,Anonymous,M,0
U3715,Anonymous,M,0
U3716,Anonymous,M,0
U3717,Anonymous,M,0
U3718,Anonymous,M,0
U3719,Anonymous,M,0
U3720,Anonymous,M,0
U3721,Anonymous,M,0
U3722,Anonymous,M,0
U3723,Anonymous,M,0
U3724,Anonymous,M,0
U3725,Anonymous,M,0
U3726,Anonymous,M,0
U3727,Anonymous,M,0
U3728,Anonymous,M,0
U3729,Anonymous,M,0
U3730,Anonymous,M,0
U3731,Anonymous,M,0
U3732,Anonymous,M,0
U3733,Anonymous,M,0
U3734,Anonymous,M,0
U3735,Anonymous,M,0
U3736,Anonymous,M,0
U3737,Anonymous,M,0
U3738,Anonymous,M,0
U3739,Anonymous,M,0
U3740,Anonymous,M,0
U3741,Anonymous,M,0
U3742,Anonymous,M,0
U3743,Anonymous,M,0
U3744,Anonymous,M,0
U3745,Anonymous,M,0
U3746,Anonymous,M,0
U3747,Anonymous,M,0
U3748,Anonymous,M,0
U3749,Anonymous,M,0
U3750,Anonymous,M,0
U3751,Anonymous,M,0
U3752,Anonymous,M,0
U3753,Anonymous,M,0
U3754,Anonymous,M,0
U3755,Anonymous,M,0
U3756,Anonymous,M,0
U3757,Anonymous,M,0
U3758,Anonymous,M,0
U3759,Anonymous,M,0
U3760,Anonymous,M,0
U3761,Anonymous,M,0
U3762,Anonymous,M,0
U3763,Anonymous,M,0
U3764,Anonymous,M,0
U3765,Anonymous,M,0
U3766,Anonymous,M,0
U3767,Anonymous,M,0
U3768,Anonymous,M,0
U3769,Anonymous,M,0
U3770,Anonymous,M,0
U3771,Anonymous,M,0
U3772,Anonymous,M,0
U3773,Anonymous,M,0
U3774,Anonymous,M,0
U3775,Anonymous,M,0
U3776,Anonymous,M,0
U3777,Anonymous,M,0
U3778,Anonymous,M,0
U3779,Anonymous,M,0
U3780,Anonymous,M,0
U3781,Anonymous,M,0
U3782,Anonymous,M,0
U3783,Anonymous,M,0
U3784,Anonymous,M,0
U3785,Anonymous,M,0
U3786,Anonymous,M,0
U3787,Anonymous,M,0
U3788,Anonymous,M,0
U3789,Anonymous,M,0
U3790,Anonymous,M,0
U3791,Anonymous,M,0
U3792,Anonymous,M,0
U3793,Anonymous,M,0
U3794,Anonymous,M,0
U3795,Anonymous,M,0
U3796,Anonymous,M,0
U3797,Anonymous,M,0
U3798,Anonymous,M,0
U3799,Anonymous,M,0
U3800,Anonymous,M,0
U3801,Anonymous,M,0
U3802,Anonymous,M,0
U3803,Anonymous,M,0
U3804,Anonymous,M,0
U3805,Anonymous,M,0
U3806,Anonymous,M,0
U3807,Anonymous,M,0
U3808,Anonymous,M,0
U3809,Anonymous,M,0
U3810,Anonymous,M,0
U3811,Anonymous,M,0
U3812,Anonymous,M,0
U3813,Anonymous,M,0
U3814,Anonymous,M,0
U3815,Anonymous,M,0
U3816,Anonymous,M,0
U3817,Anonymous,M,0
U3818,Anonymous,M,0
U3819,Anonymous,M,0
U3820,Anonymous,M,0
U3821,Anonymous,M,0
U3822,Anonymous,M,0
U3823,Anonymous,M,0
U3824,Anonymous,M,0
U3825,Anonymous,M,0
U3826,Anonymous,M,0
U3827,Anonymous,M,0
U3828,Anonymous,M,0
U3829,Anonymous,M,0
U3830,Anonymous,M,0
U3831,Anonymous,M,0
U3832,Anonymous,M,0
U3833,Anonymous,M,0
U3834,Anonymous,M,0
U3835,Anonymous,M,0
U3836,Anonymous,M,0
U3837,Anonymous,M,0
U3838,Anonymous,M,0
U3839,Anonymous,M,0
U3840,Anonymous,M,0
U3841,Anonymous,M,0
U3842,Anonymous,M,0
U3843,Anonymous,M,0
U3844,Anonymous,M,0
U3845,Anonymous,M,0
U3846,Anonymous,M,0
U3847,Anonymous,M,0
U3848,Anonymous,M,0
U3849,Anonymous,M,0
U3850,Anonymous,M,0
U3851,Anonymous,M,0
U3852,Anonymous,M,0
U3853,Anonymous,M,0
U3854,Anonymous,M,0
U3855,Anonymous,M,0
U3856,Anonymous,M,0
U3857,Anonymous,M,0
U3858,Anonymous,M,0
U3859,Anonymous,M,0
U3860,Anonymous,M,0
U3861,Anonymous,M,0
U3862,Anonymous,M,0
U3863,Anonymous,M,0
U3864,Anonymous,M,0
U3865,Anonymous,M,0
U3866,Anonymous,M,0
U3867,Anonymous,M,0
U3868,Anonymous,M,0
U3869,Anonymous,M,0
U3870,Anonymous,M,0
U3871,Anonymous,M,0
U3872,Anonymous,M,0
U3873,Anonymous,M,0
U3874,Anonymous,M,0
U3875,Anonymous,M,0
U3876,Anonymous,M,0
U3877,Anonymous,M,0
U3878,Anonymous,M,0
U3879,Anonymous,M,0
U3880,Anonymous,M,0
U3881,Anonymous,M,0
U3882,Anonymous,M,0
U3883,Anonymous,M,0
U3884,Anonymous,M,0
U3885,Anonymous,M,0
U3886,Anonymous,M,0
U3887,Anonymous,M,0
U3888,Anonymous,M,0
U3889,Anonymous,M,0
U3890,Anonymous,M,0
U3891,Anonymous,M,0
U3892,Anonymous,M,0
U3893,Anonymous,M,0
U3894,Anonymous,M,0
U3895,Anonymous,M,0
U3896,Anonymous,M,0
U3897,Anonymous,M,0
U3898,Anonymous,M,0
U3899,Anonymous,M,0
U3900,Anonymous,M,0
U3901,Anonymous,M,0
U3902,Anonymous,M,0
U3903,Anonymous,M,0
U3904,Anonymous,M,0
U3905,Anonymous,M,0
U3906,Anonymous,M,0
U3907,Anonymous,M,0
U3908,Anonymous,M,0
U3909,Anonymous,M,0
U3910,Anonymous,M,0
U3911,Anonymous,M,0
U3912,Anonymous,M,0
U3913,Anonymous,M,0
U3914,Anonymous,M,0
U3915,Anonymous,M,0
U3916,Anonymous,M,0
U3917,Anonymous,M,0
U3918,Anonymous,M,0
U3919,Anonymous,M,0
U3920,Anonymous,M,0
U3921,Anonymous,M,0
U3922,Anonymous,M,0
U3923,Anonymous,M,0
U3924,Anonymous,M,0
U3925,Anonymous,M,0
U3926,Anonymous,M,0
U3927,Anonymous,M,0
U3928,Anonymous,M,0
U3929,Anonymous,M,0
U3930,Anonymous,M,0
U3931,Anonymous,M,0
U3932,Anonymous,M,0
U3933,Anonymous,M,0
U3934,Anonymous,M,0
U3935,Anonymous,M,0
U3936,Anonymous,M,0
U3937,Anonymous,M,0
U3938,Anonymous,M,0
U3939,Anonymous,M,0
U3940,Anonymous,M,0
U3941,Anonymous,M,0
U3942,Anonymous,M,0
U3943,Anonymous,M,0
U3944,Anonymous,M,0
U3945,Anonymous,M,0
U3946,Anonymous,M,0
U3947,Anonymous,M,0
U3948,Anonymous,M,0
U3949,Anonymous,M,0
U3950,Anonymous,M,0
U3951,Anonymous,M,0
U3952,Anonymous,M,0
U3953,Anonymous,M,0
U3954,Anonymous,M,0
U3955,Anonymous,M,0
U3956,Anonymous,M,0
U3957,Anonymous,M,0
U3958,Anonymous,M,0
U3959,Anonymous,M,0
U3960,Anonymous,M,0
U3961,Anonymous,M,0
U3962,Anonymous,M,0
U3963,Anonymous,M,0
U3964,Anonymous,M,0
U3965,Anonymous,M,0
U3966,Anonymous,M,0
U3967,Anonymous,M,0
U3968,Anonymous,M,0
U3969,Anonymous,M,0
U3970,Anonymous,M,0
U3971,Anonymous,M,0
U3972,Anonymous,M,0
U3973,Anonymous,M,0
U3974,Anonymous,M,0
U3975,Anonymous,M,0
U3976,Anonymous,M,0
U3977,Anonymous,M,0
U3978,Anonymous,M,0
U3979,Anonymous,M,0
U3980,Anonymous,M,0
U3981,Anonymous,M,0
U3982,Anonymous,M,0
U3983,Anonymous,M,0
U3984,Anonymous,M,0
U3985,Anonymous,M,0
U3986,Anonymous,M,0
U3987,Anonymous,M,0
U3988,Anonymous,M,0
U3989,Anonymous,M,0
U3990,Anonymous,M,0
U3991,Anonymous,M,0
U3992,Anonymous,M,0
U3993,Anonymous,M,0
U3994,Anonymous,M,0
U3995,Anonymous,M,0
U3996,Anonymous,M,0
U3997,Anonymous,M,0
U3998,Anonymous,M,0
U3999,Anonymous,M,0
U4000,Anonymous,M,0
U4001,Anonymous,M,0
U4002,Anonymous,M,0
U4003,Anonymous,M,0
U4004,Anonymous,M,0
U4005,Anonymous,M,0
U4006,Anonymous,M,0
U4007,Anonymous,M,0
U4008,Anonymous,M,0
U4009,Anonymous,M,0
U4010,Anonymous,M,0
U4011,Anonymous,M,0
U4012,Anonymous,M,0
U4013,Anonymous,M,0
U4014,Anonymous,M,0
U4015,Anonymous,M,0
U4016,Anonymous,M,0
U4017,Anonymous,M,0
U4018,Anonymous,M,0
U4019,Anonymous,M,0
U4020,Anonymous,M,0
U4021,Anonymous,M,0
U4022,Anonymous,M,0
U4023,Anonymous,M,0
U4024,Anonymous,M,0
U4025,Anonymous,M,0
U4026,Anonymous,M,0
U4027,Anonymous,M,0
U4028,Anonymous,M,0
U4029,Anonymous,M,0
U4030,Anonymous,M,0
U4031,Anonymous,M,0
U4032,Anonymous,M,0
U4033,Anonymous,M,0
U4034,Anonymous,M,0
U4035,Anonymous,M,0
U4036,Anonymous,M,0
U4037,Anonymous,M,0
U4038,Anonymous,M,0
U4039,Anonymous,M,0
U4040,Anonymous,M,0
U4041,Anonymous,M,0
U4042,Anonymous,M,0
U4043,Anonymous,M,0
U4044,Anonymous,M,0
U4045,Anonymous,M,0
U4046,Anonymous,M,0
U4047,Anonymous,M,0
U4048,Anonymous,M,0
U4049,Anonymous,M,0
U4050,Anonymous,M,0
U4051,Anonymous,M,0
U4052,Anonymous,M,0
U4053,Anonymous,M,0
U4054,Anonymous,M,0
U4055,Anonymous,M,0
U4056,Anonymous,M,0
U4057,Anonymous,M,0
U4058,Anonymous,M,0
U4059,Anonymous,M,0
U4060,Anonymous,M,0
U4061,Anonymous,M,0
U4062,Anonymous,M,0
U4063,Anonymous,M,0
U4064,Anonymous,M,0
U4065,Anonymous,M,0
U4066,Anonymous,M,0
U4067,Anonymous,M,0
U4068,Anonymous,M,0
U4069,Anonymous,M,0
U4070,Anonymous,M,0
U4071,Anonymous,M,0
U4072,Anonymous,M,0
U4073,Anonymous,M,0
U4074,Anonymous,M,0
U4075,Anonymous,M,0
U4076,Anonymous,M,0
U4077,Anonymous,M,0
U4078,Anonymous,M,0
U4079,Anonymous,M,0
U4080,Anonymous,M,0
U4081,Anonymous,M,0
U4082,Anonymous,M,0
U4083,Anonymous,M,0
U4084,Anonymous,M,0
U4085,Anonymous,M,0
U4086,Anonymous,M,0
U4087,Anonymous,M,0
U4088,Anonymous,M,0
U4089,Anonymous,M,0
U4090,Anonymous,M,0
U4091,Anonymous,M,0
U4092,Anonymous,M,0
U4093,Anonymous,M,0
U4094,Anonymous,M,0
U4095,Anonymous,M,0
U4096,Anonymous,M,0
U4097,Anonymous,M,0
U4098,Anonymous,M,0
U4099,Anonymous,M,0
U4100,Anonymous,M,0
U4101,Anonymous,M,0
U4102,Anonymous,M,0
U4103,Anonymous,M,0
U4104,Anonymous,M,0
U4105,Anonymous,M,0
U4106,Anonymous,M,0
U4107,Anonymous,M,0
U4108,Anonymous,M,0
U4109,Anonymous,M,0
U4110,Anonymous,M,0
U4111,Anonymous,M,0
U4112,Anonymous,M,0
U4113,Anonymous,M,0
U4114,Anonymous,M,0
U4115,Anonymous,M,0
U4116,Anonymous,M,0
U4117,Anonymous,M,0
U4118,Anonymous,M,0
U4119,Anonymous,M,0
U4120,Anonymous,M,0
U4121,Anonymous,M,0
U4122,Anonymous,M,0
U4123,Anonymous,M,0
U4124,Anonymous,M,0
U4125,Anonymous,M,0
U4126,Anonymous,M,0
U4127,Anonymous,M,0
U4128,Anonymous,M,0
U4129,Anonymous,M,0
U4130,Anonymous,M,0
U4131,Anonymous,M,0
U4132,Anonymous,M,0
U4133,Anonymous,M,0
U4134,Anonymous,M,0
U4135,Anonymous,M,0
U4136,Anonymous,M,0
U4137,Anonymous,M,0
U4138,Anonymous,M,0
U4139,Anonymous,M,0
U4140,Anonymous,M,0
U4141,Anonymous,M,0
U4142,Anonymous,M,0
U4143,Anonymous,M,0
U4144,Anonymous,M,0
U4145,Anonymous,M,0
U4146,Anonymous,M,0
U4147,Anonymous,M,0
U4148,Anonymous,M,0
U4149,Anonymous,M,0
U4150,Anonymous,M,0
U4151,Anonymous,M,0
U4152,Anonymous,M,0
U4153,Anonymous,M,0
U4154,Anonymous,M,0
U4155,Anonymous,M,0
U4156,Anonymous,M,0
U4157,Anonymous,M,0
U4158,Anonymous,M,0
U4159,Anonymous,M,0
U4160,Anonymous,M,0
U4161,Anonymous,M,0
U4162,Anonymous,M,0
U4163,Anonymous,M,0
U4164,Anonymous,M,0
U4165,Anonymous,M,0
U4166,Anonymous,M,0
U4167,Anonymous,M,0
U4168,Anonymous,M,0
U4169,Anonymous,M,0
U4170,Anonymous,M,0
U4171,Anonymous,M,0
U4172,Anonymous,M,0
U4173,Anonymous,M,0
U4174,Anonymous,M,0
U4175,Anonymous,M,0
U4176,Anonymous,M,0
U4177,Anonymous,M,0
U4178,Anonymous,M,0
U4179,Anonymous,M,0
U4180,Anonymous,M,0
U4181,Anonymous,M,0
U4182,Anonymous,M,0
U4183,Anonymous,M,0
U4184,Anonymous,M,0
U4185,Anonymous,M,0
U4186,Anonymous,M,0
U4187,Anonymous,M,0
U4188,Anonymous,M,0
U4189,Anonymous,M,0
U4190,Anonymous,M,0
U4191,Anonymous,M,0
U4192,Anonymous,M,0
U4193,Anonymous,M,0
U4194,Anonymous,M,0
U4195,Anonymous,M,0
U4196,Anonymous,M,0
U4197,Anonymous,M,0
U4198,Anonymous,M,0
U4199,Anonymous,M,0
U4200,Anonymous,M,0
U4201,Anonymous,M,0
U4202,Anonymous,M,0
U4203,Anonymous,M,0
U4204,Anonymous,M,0
U4205,Anonymous,M,0
U4206,Anonymous,M,0
U4207,Anonymous,M,0
U4208,Anonymous,M,0
U4209,Anonymous,M,0
U4210,Anonymous,M,0
U4211,Anonymous,M,0
U4212,Anonymous,M,0
U4213,Anonymous,M,0
U4214,Anonymous,M,0
U4215,Anonymous,M,0
U4216,Anonymous,M,0
U4217,Anonymous,M,0
U4218,Anonymous,M,0
U4219,Anonymous,M,0
U4220,Anonymous,M,0
U4221,Anonymous,M,0
U4222,Anonymous,M,0
U4223,Anonymous,M,0
U4224,Anonymous,M,0
U4225,Anonymous,M,0
U4226,Anonymous,M,0
U4227,Anonymous,M,0
U4228,Anonymous,M,0
U4229,Anonymous,M,0
U4230,Anonymous,M,0
U4231,Anonymous,M,0
U4232,Anonymous,M,0
U4233,Anonymous,M,0
U4234,Anonymous,M,0
U4235,Anonymous,M,0
U4236,Anonymous,M,0
U4237,Anonymous,M,0
U4238,Anonymous,M,0
U4239,Anonymous,M,0
U4240,Anonymous,M,0
U4241,Anonymous,M,0
U4242,Anonymous,M,0
U4243,Anonymous,M,0
U4244,Anonymous,M,0
U4245,Anonymous,M,0
U4246,Anonymous,M,0
U4247,Anonymous,M,0
U4248,Anonymous,M,0
U4249,Anonymous,M,0
U4250,Anonymous,M,0
U4251,Anonymous,M,0
U4252,Anonymous,M,0
U4253,Anonymous,M,0
U4254,Anonymous,M,0
U4255,Anonymous,M,0
U4256,Anonymous,M,0
U4257,Anonymous,M,0
U4258,Anonymous,M,0
U4259,Anonymous,M,0
U4260,Anonymous,M,0
U4261,Anonymous,M,0
U4262,Anonymous,M,0
U4263,Anonymous,M,0
U4264,Anonymous,M,0
U4265,Anonymous,M,0
U4266,Anonymous,M,0
U4267,Anonymous,M,0
U4268,Anonymous,M,0
U4269,Anonymous,M,0
U4270,Anonymous,M,0
U4271,Anonymous,M,0
U4272,Anonymous,M,0
U4273,Anonymous,M,0
U4274,Anonymous,M,0
U4275,Anonymous,M,0
U4276,Anonymous,M,0
U4277,Anonymous,M,0
U4278,Anonymous,M,0
U4279,Anonymous,M,0
U4280,Anonymous,M,0
U4281,Anonymous,M,0
U4282,Anonymous,M,0
U4283,Anonymous,M,0
U4284,Anonymous,M,0
U4285,Anonymous,M,0
U4286,Anonymous,M,0
U4287,Anonymous,M,0
U4288,Anonymous,M,0
U4289,Anonymous,M,0
U4290,Anonymous,M,0
U4291,Anonymous,M,0
U4292,Anonymous,M,0
U4293,Anonymous,M,0
U4294,Anonymous,M,0
U4295,Anonymous,M,0
U4296,Anonymous,M,0
U4297,Anonymous,M,0
U4298,Anonymous,M,0
U4299,Anonymous,M,0
U4300,Anonymous,M,0
U4301,Anonymous,M,0
U4302,Anonymous,M,0
U4303,Anonymous,M,0
U4304,Anonymous,M,0
U4305,Anonymous,M,0
U4306,Anonymous,M,0
U4307,Anonymous,M,0
U4308,Anonymous,M,0
U4309,Anonymous,M,0
U4310,Anonymous,M,0
U4311,Anonymous,M,0
U4312,Anonymous,M,0
U4313,Anonymous,M,0
U4314,Anonymous,M,0
U4315,Anonymous,M,0
U4316,Anonymous,M,0
U4317,Anonymous,M,0
U4318,Anonymous,M,0
U4319,Anonymous,M,0
U4320,Anonymous,M,0
U4321,Anonymous,M,0
U4322,Anonymous,M,0
U4323,Anonymous,M,0
U4324,Anonymous,M,0
U4325,Anonymous,M,0
U4326,Anonymous,M,0
U4327,Anonymous,M,0
U4328,Anonymous,M,0
U4329,Anonymous,M,0
U4330,Anonymous,M,0
U4331,Anonymous,M,0
U4332,Anonymous,M,0
U4333,Anonymous,M,0
U4334,Anonymous,M,0
U4335,Anonymous,M,0
U4336,Anonymous,M,0
U4337,Anonymous,M,0
U4338,Anonymous,M,0
U4339,Anonymous,M,0
U4340,Anonymous,M,0
U4341,Anonymous,M,0
U4342,Anonymous,M,0
U4343,Anonymous,M,0
U4344,Anonymous,M,0
U4345,Anonymous,M,0
U4346,Anonymous,M,0
U4347,Anonymous,M,0
U4348,Anonymous,M,0
U4349,Anonymous,M,0
U4350,Anonymous,M,0
U4351,Anonymous,M,0
U4352,Anonymous,M,0
U4353,Anonymous,M,0
U4354,Anonymous,M,0
U0,Anonymous,M,0
