PersonID,PostID,Timestamp,PostContent
N1,Sprout1,45816,"Proud to announce the resounding success of Exercise Risen Sword! Our naval and amphibious forces demonstrated unmatched skill and unity alongside our Olvanan allies. Together, we stand stronger than ever. #RisenSword #Alliance"
N1,Sprout2,45810,Exercise Risen Sword highlights the power of partnership between Olvana and North Torbia. Our joint readiness and resolve send a clear message: our alliance is a cornerstone of regional security. #MilitaryStrength #Unity
N1,Sprout3,45815,"The professionalism and coordination shown during Exercise Risen Sword prove that North Torbia’s military is a lethal, ready force prepared for any challenge. Olvanan-North Torbian cooperation is unmatched. #StrengthInAllies"
N1,Sprout4,45817,"Together with Olvana, we’ve reaffirmed our commitment to peace through strength in Exercise Risen Sword. This exercise sets the standard for coalition operations in the region. Proud of our troops! #CoalitionForce #RisenSwordSuccess"
N1,Sprout5,45817,"Exercise Risen Sword was more than a success—it was a statement. North Torbia and Olvana are united in purpose and power, securing peace and prosperity in our shared waters. Onward, stronger together! #AllianceStrong #MaritimeSecurity"
N2,Sprout6,45817,Exercise Risen Sword has proven the tactical expertise and military excellence of our forces across all domains. Proud to lead alongside such dedicated soldiers and our Olvanan partners. #RisenSword #MilitaryExcellence
N2,Sprout7,45816,The coordination and professionalism displayed in Exercise Risen Sword highlight North Torbia’s readiness and lethal capability. Congratulations to all troops involved for an outstanding demonstration. #OperationalSuccess
N2,Sprout8,45815,Grateful for the visionary leadership of Secretary-General Song Chong-Su during this critical period. His guidance was key to the success of Exercise Risen Sword and strengthening our alliance with Olvana. #StrongLeadership #Alliance
O1,Sprout9,45910,"Olvana is steadfast in strengthening our alliances and supporting regional stability. Together with our partners, we will ensure peace and prosperity for all. #StrategicAlliances #RegionalStability"
O1,Sprout10,45917,"Our commitment to a strong and united region is unwavering. Olvana will continue to lead with vision and strength, securing our place as a dominant force on the world stage. #GlobalLeadership #OlvanaRising"
O1,Sprout11,45809,"As the world changes, Olvana stands ready to shape the future. We are building a foundation for enduring influence and regional leadership that will benefit generations to come. #PowerAndPurpose #OlvanaStrong"
N1,Sprout12,45917,"Today marks a new chapter for our nation—Operation Virtuous Reunion begins. This proactive, prosperity-driven approach sets the path for a peaceful and long-awaited reunion of North and South Torbia. #VirtuousReunion #Unity"
N1,Sprout13,45917,Our people’s strength and resolve guide Operation Virtuous Reunion toward a united future. This peaceful transition reflects the will of Torbians and aligns with the hopes of the international community. #PeacefulTransition #StrongTogether
N1,Sprout14,45917,Operation Virtuous Reunion embodies North Torbia’s commitment to unity and prosperity. We move forward with optimism and determination toward reuniting Torbia under a single government. #NewEra #SharedDestiny
S1,Sprout15,45917,South Torbia firmly rejects Operation Virtuous Reunion. Our sovereignty and democratic government will never be compromised. We stand united and unwavering. #Sovereignty #Democracy
S1,Sprout16,45917,"The people of South Torbia reject forced unification. Our democracy is strong, our will unbreakable. Together, we resist for our future and freedom. #SelfDetermination #SouthTorbiaStrong"
S1,Sprout17,45917,"I call on the international community to condemn North Torbia’s aggressive actions. Support the independence and dignity of South Torbia. Peace requires respect, not coercion. #GlobalSolidarity"
S1,Sprout18,45917,"South Torbia’s commitment to democracy and peaceful governance is resolute. We will stand firm against any invasion or forced takeover. Our nation, our choice. #DefendFreedom"
S1,Sprout19,45917,"Our strength lies in the will of our people and the rule of law. South Torbia will persevere, united in its fight for independence and the right to determine its own destiny. #PeoplePower #FreedomFirst"
