UserId,Username,Gender,Age
D1,anonymous,U,0
R2,anonymous,U,0
D3,anonymous,U,0
R4,anonymous,U,0
D5,anonymous,U,0
R6,anonymous,U,0
D7,anonymous,U,0
R8,anonymous,U,0
D9,anonymous,U,0
D10,anonymous,U,0
D11,anonymous,U,0
D12,anonymous,U,0
D13,anonymous,U,0
D14,anonymous,U,0
D15,anonymous,U,0
D16,anonymous,U,0
D17,anonymous,U,0
D18,anonymous,U,0
D19,anonymous,U,0
R20,anonymous,U,0
D21,anonymous,U,0
R22,anonymous,U,0
D23,anonymous,U,0
R24,anonymous,U,0
D25,anonymous,U,0
D26,anonymous,U,0
D27,anonymous,U,0
D28,anonymous,U,0
D29,anonymous,U,0
R30,anonymous,U,0
D31,anonymous,U,0
D32,anonymous,U,0
D33,anonymous,U,0
D34,anonymous,U,0
D36,anonymous,U,0
D38,anonymous,U,0
D39,anonymous,U,0
D40,anonymous,U,0
D41,anonymous,U,0
D42,anonymous,U,0
D43,anonymous,U,0
D44,anonymous,U,0
D45,anonymous,U,0
D46,anonymous,U,0
D47,anonymous,U,0
D48,anonymous,U,0
D49,anonymous,U,0
D50,anonymous,U,0
D51,anonymous,U,0
D52,anonymous,U,0
D53,anonymous,U,0
R54,anonymous,U,0
D55,anonymous,U,0
R56,anonymous,U,0
D57,anonymous,U,0
D58,anonymous,U,0
D59,anonymous,U,0
D60,anonymous,U,0
D61,anonymous,U,0
D62,anonymous,U,0
R63,anonymous,U,0
D64,anonymous,U,0
D65,anonymous,U,0
D66,anonymous,U,0
D67,anonymous,U,0
D68,anonymous,U,0
D69,anonymous,U,0
D70,anonymous,U,0
D71,anonymous,U,0
D72,anonymous,U,0
D73,anonymous,U,0
D74,anonymous,U,0
D75,anonymous,U,0
D76,anonymous,U,0
D77,anonymous,U,0
D78,anonymous,U,0
D79,anonymous,U,0
D80,anonymous,U,0
D81,anonymous,U,0
D82,anonymous,U,0
D83,anonymous,U,0
D84,anonymous,U,0
D85,anonymous,U,0
D86,anonymous,U,0
R87,anonymous,U,0
D88,anonymous,U,0
R89,anonymous,U,0
D90,anonymous,U,0
D91,anonymous,U,0
D92,anonymous,U,0
D93,anonymous,U,0
D94,anonymous,U,0
D95,anonymous,U,0
R96,anonymous,U,0
D97,anonymous,U,0
D98,anonymous,U,0
D99,anonymous,U,0
D100,anonymous,U,0
D101,anonymous,U,0
D102,anonymous,U,0
D103,anonymous,U,0
D104,anonymous,U,0
D105,anonymous,U,0
D106,anonymous,U,0
D107,anonymous,U,0
D108,anonymous,U,0
D109,anonymous,U,0
D110,anonymous,U,0
D111,anonymous,U,0
R112,anonymous,U,0
D113,anonymous,U,0
R114,anonymous,U,0
D115,anonymous,U,0
D116,anonymous,U,0
D117,anonymous,U,0
D118,anonymous,U,0
D119,anonymous,U,0
D120,anonymous,U,0
R121,anonymous,U,0
D122,anonymous,U,0
R123,anonymous,U,0
D124,anonymous,U,0
D125,anonymous,U,0
D126,anonymous,U,0
D127,anonymous,U,0
D128,anonymous,U,0
D129,anonymous,U,0
R130,anonymous,U,0
D131,anonymous,U,0
R132,anonymous,U,0
D133,anonymous,U,0
D134,anonymous,U,0
D135,anonymous,U,0
D136,anonymous,U,0
D137,anonymous,U,0
D138,anonymous,U,0
R139,anonymous,U,0
D140,anonymous,U,0
R141,anonymous,U,0
D142,anonymous,U,0
R143,anonymous,U,0
D144,anonymous,U,0
D145,anonymous,U,0
D147,anonymous,U,0
D148,anonymous,U,0
D150,anonymous,U,0
D154,anonymous,U,0
D156,anonymous,U,0
D157,anonymous,U,0
D159,anonymous,U,0
D160,anonymous,U,0
D161,anonymous,U,0
R162,anonymous,U,0
D163,anonymous,U,0
R164,anonymous,U,0
D165,anonymous,U,0
D166,anonymous,U,0
D167,anonymous,U,0
D168,anonymous,U,0
D169,anonymous,U,0
D170,anonymous,U,0
R171,anonymous,U,0
D172,anonymous,U,0
R173,anonymous,U,0
D174,anonymous,U,0
D175,anonymous,U,0
R176,anonymous,U,0
D177,anonymous,U,0
R178,anonymous,U,0
D179,anonymous,U,0
D180,anonymous,U,0
D181,anonymous,U,0
D182,anonymous,U,0
D183,anonymous,U,0
D185,anonymous,U,0
D189,anonymous,U,0
D191,anonymous,U,0
D192,anonymous,U,0
R193,anonymous,U,0
D194,anonymous,U,0
R195,anonymous,U,0
D196,anonymous,U,0
D197,anonymous,U,0
D198,anonymous,U,0
D199,anonymous,U,0
D200,anonymous,U,0
D201,anonymous,U,0
D202,anonymous,U,0
D203,anonymous,U,0
D204,anonymous,U,0
R205,anonymous,U,0
D206,anonymous,U,0
R207,anonymous,U,0
D208,anonymous,U,0
