PersonID,Data,
@1,Just closed a huge deal at work! Feeling grateful for the opportunity to do what I love. #CareerGoals #HardWorkPaysOff ,
@1,Spent the weekend hiking in the mountains. Nature is the best therapy. #GetOutside #AdventureTime ,
@1,Excited to attend the symphony tonight. Music feeds the soul. #CultureClub #ClassicalMusic ,
@1,Proud to support my favorite charity at their annual gala. Giving back is important. #CommunityMatters #CharityEvent ,
@1,Celebrating 5 years with my amazing partner. Love is the greatest adventure of all. #RelationshipGoals #LoveWins ,
@1,Attended a thought-provoking lecture on the future of finance. Always eager to learn and grow. ,
@1,Proud to support my local community by volunteering at the food bank. Giving back is important. ,
@1,Excited to travel to a new country this summer. Exploring different cultures is a passion of mine. ,
@1,Grateful for the opportunity to mentor young professionals in my field. Paying it forward. ,
@1,Celebrated my partner's birthday with a romantic dinner. Cherishing the special moments in life. ,
@2,Marched for a cause I believe in today. Speaking up for what's right matters. #ActivistLife #MarchForChange ,
@2,Volunteered at the local animal shelter. Furry friends are the best. #DogsOfInstagram #AdoptDontShop ,
@2,Wrote a new poem. Creative expression is food for the soul. #PoetryIsLife #WritersOfInstagram ,
@2,Attended a thought-provoking lecture on social justice. Learning never stops. #EducationMatters #SocialJustice ,
@2,Grateful for the wonderful people in my life. Friendship is everything. #FriendshipGoals #BestFriendsForever ,
@2,Joined a book club to discuss thought-provoking literature. Expanding my mind through reading. ,
@2,Attended a protest to advocate for women's rights. Using my voice for positive change. ,
@2,Excited to try a new recipe from a different cuisine. Exploring the world through food. ,
@2,Grateful for the chance to volunteer at an animal shelter. Helping furry friends in need. ,
@2,Celebrated Pride Month by attending local LGBTQ+ events. Supporting equality and inclusivity. ,
@3,Launched a new product today! Entrepreneurship is in my blood. #StartupLife #InnovationNation ,
@3,Went on an epic road trip with friends. Adventure is calling. #RoadTrippin #FriendshipGoals ,
@3,Attended a tech conference. Networking and learning are key. #TechLife #ConferenceMode ,
@3,Proud to support my alma mater. Once a Trojan, always a Trojan. #CollegeLife #TrojanPride 
@3,Grateful for my health and happiness. Life is good. #GratitudeJournal #LifeIsGood ,
@3,Attended a TED Talk on the future of technology. Always eager to learn about the latest innovations. ,
@3,Proud to support my alma mater by attending a fundraising gala. Giving back to my roots. ,
@3,Excited to travel to a new country this summer. Exploring different cultures is a passion of mine. ,
@3,Grateful for the opportunity to mentor young entrepreneurs. Paying it forward. ,
@3,Celebrated my team's big win at the company softball game. Bonding with colleagues through sports. ,
@4,Finished reading a thought-provoking book. Knowledge is power. #ReadingList #BookWorm ,
@4,Went on a solo hike to clear my mind. Alone time is important. #SelfCare #HikingAdventures ,
@4,Attended a mindfulness workshop. Staying present is key. #MindfulnessMatters #SelfImprovement ,
@4,Wrote in my journal. Reflection is essential. #JournalJunkie #SelfDiscovery ,
@4,Grateful for the lessons learned. Growth is a journey. #LessonsLearned #GrowthMindset ,
@4,Joined a writing workshop to hone my creative skills. Expressing myself through the written word. ,
@4,Attended a mindfulness retreat to deepen my practice. Prioritizing self-care and inner peace. ,
@4,Excited to try a new recipe from a different cuisine. Exploring the world through food. ,
@4,Grateful for the chance to volunteer at a local library. Helping others access knowledge and resources. ,
@4,Celebrated the launch of my friend's new business. Supporting loved ones in their endeavors. ,
@5,Presented at a scientific conference. Sharing knowledge is crucial. #ScienceMatters #ConferenceMode ,
@5,Went on a camping trip to stargaze. Appreciating the universe. #CampingAdventures #StargazingParty ,
@5,Attended a lecture on quantum physics. Expanding my mind. #ScienceGeek #QuantumPhysics ,
@5,Proud to be a mentor to young scientists. Paying it forward. #MentorshipMatters #ScienceEducation ,
@5,Grateful for the pursuit of knowledge. Curiosity fuels me. #CuriosityOverEverything #LifelongLearner ,
@5,Attended a lecture on the latest advancements in quantum computing. Always eager to learn about cutting-edge science. ,
@5,Proud to support my favorite charity by participating in their annual fundraising walk. Giving back to important causes. ,
@5,Excited to travel to a new country this summer. Exploring different cultures is a passion of mine. ,
@5,Grateful for the opportunity to mentor young scientists. Paying it forward. ,
@5,Celebrated my wedding anniversary with a romantic getaway. Cherishing the special moments in life. ,
@6,Marched for justice and equality. Speaking up matters. #ActivistLife #MarchForChange ,
@6,Danced the night away with friends. Joy is contagious. #DanceParty #FriendshipGoals ,
@6,Attended a protest for a cause I believe in. Making my voice heard. #ActivistLife #ProtestPower ,
@6,Volunteered at a local shelter. Giving back feels good. #VolunteerLife #CommunityService ,
@6,Grateful for the passion to make a difference. Changing the world. #ActivistLife #ChangeMaker ,
@6,Joined a student organization advocating for social justice. Using my voice for positive change. ,
@6,Attended a protest to stand up against racial injustice. Advocating for equality and human rights. ,
@6,Excited to try a new recipe from a different cuisine. Exploring the world through food. ,
@6,Grateful for the chance to volunteer at a local community center. Helping others access resources and support. ,
@6,Celebrated the end of finals week with friends. Cherishing the bonds of friendship. ,
@7,Taught a thought-provoking class. Inspiring minds matters. #EducatorLife #TeachingMatters ,
@7,Went on a reflective walk in nature. Appreciating the moment. #MindfulnessMatters #NatureWalk ,
@7,Attended a workshop on educational reform. Improving the system. #EducationMatters #ReformMatters ,
@7,Wrote a blog post on teaching philosophy. Sharing ideas. #EducatorLife #BloggerLife ,
@7,Grateful for the opportunity to shape young minds. Making a difference. #EducatorLife #MakingADifference ,
@7,Attended a conference on educational technology. Always eager to learn about innovative teaching methods. ,
@7,Proud to support my local school district by attending a board meeting. Advocating for quality education. ,
@7,Excited to travel to a new country this summer. Exploring different cultures is a passion of mine. ,
@7,Grateful for the opportunity to mentor young teachers. Paying it forward. ,
@7,Celebrated the end of the school year with a staff party. Bonding with colleagues through shared experiences. ,
@8,Explored a new museum exhibit. Expanding my horizons. #ArtLover #MuseumLife ,
@8,Attended an art workshop. Creativity flows. #ArtistLife #CreativeJuices ,
@8,Went on a spontaneous adventure with friends. Living in the moment. #FriendshipGoals #AdventureTime ,
@8,Wrote a poem about life. Expressing myself. #PoetryIsLife #WritersOfInstagram ,
@8,Grateful for the opportunity to learn and grow. Embracing the journey. #StudentLife #GrowthMindset ,
@8,Joined an art club to explore different mediums and techniques. Expanding my creative horizons. ,
@8,Attended a museum exhibit showcasing diverse artists. Appreciating the power of art to inspire and challenge. ,
@8,Excited to try a new recipe from a different cuisine. Exploring the world through food. ,
@8,Grateful for the chance to volunteer at a local art center. Helping others access creative outlets. ,
@8,Celebrated the end of the semester with friends. Cherishing the bonds of friendship. ,
@9,Attended a town hall meeting to discuss local issues. Engaging with the community and advocating for change. ,
@9,Attended a political fundraiser. Supporting the cause. #PoliticalLife #FundraiserMode ,
@9,Went on a hike to clear my mind. Appreciating nature. #HikingAdventures #NatureTherapy ,
@9,Spoke at a town hall meeting. Engaging the community. #PoliticalLife #CommunityEngagement ,
@9,Wrote an op-ed on current events. Sharing my perspective. #PoliticalLife #OpEdLife ,
@9,Grateful for the chance to serve the people. Making a difference. #PoliticalLife #PublicService ,
@9,Proud to support my political party by attending a fundraising event. Contributing to the causes I believe in. ,
@9,Excited to travel to a new country this summer. Exploring different cultures is a passion of mine. ,
@9,Grateful for the opportunity to mentor young political leaders. Paying it forward. ,
@9,Celebrated a successful legislative session with colleagues. Bonding over shared goals and achievements. ,
@10,Volunteered at a local shelter. Helping those in need. #VolunteerLife #CommunityService ,
@10,Attended a social justice workshop. Learning and growing. #SocialJustice #SelfImprovement ,
@10,Wrote a blog post on mental health. Raising awareness. #MentalHealthMatters #BloggerLife ,
@10,Went on a hike with friends. Connecting with nature. #FriendshipGoals #HikingAdventures ,
@10,Grateful for the opportunity to make a difference. Changing lives. #SocialWork #MakingADifference ,
@10,Joined a social work organization to network and learn. Always eager to grow in my field. ,
@10,Attended a workshop on trauma-informed care. Deepening my knowledge to better support clients. ,
@10,Excited to try a new recipe from a different cuisine. Exploring the world through food. ,
@10,Grateful for the chance to volunteer at a local shelter. Helping those in need access vital resources. ,
@10,Celebrated a client's success story. Cherishing the meaningful moments in my work. ,
@11,Closed a big deal at work. Celebrating success. #FinanceLife #CareerWin ,
@11,Attended a finance conference. Networking and learning. #FinanceLife #ConferenceMode ,
@11,Went on a hike to recharge. Appreciating the outdoors. #HikingAdventures #NatureTherapy ,
@11,Wrote a blog post on investing. Sharing my knowledge. #FinanceLife #BloggerLife ,
@11,Grateful for the chance to make a difference. Helping others. #FinanceLife #MakingADifference ,
@11,Attended a finance conference to learn about emerging trends. Always eager to expand my knowledge. ,
@11,Proud to support my company by attending a team-building event. Bonding with colleagues through shared experiences. ,
@11,Excited to travel to a new country this summer. Exploring different cultures is a passion of mine. ,
@11,Grateful for the opportunity to mentor young finance professionals. Paying it forward. ,
@11,Celebrated a successful quarter with a team happy hour. Recognizing hard work and achievements. ,
@12,Argued a case in court. Advocating for justice. #LawLife #CourtRoom ,
@12,Attended a legal conference. Expanding my knowledge. #LawLife #ConferenceMode ,
@12,Went on a camping trip to unwind. Appreciating nature. #CampingAdventures #NatureTherapy ,
@12,Wrote an article on legal reform. Sharing my perspective. #LawLife #WriterLife ,
@12,Grateful for the opportunity to make a difference. Changing lives. #LawLife #PublicService ,
@12,Attended a legal conference to learn about the latest developments. Always eager to expand my knowledge. ,
@12,Proud to support my law firm by attending a client appreciation event. Building strong relationships. ,
@12,Excited to travel to a new country this summer. Exploring different cultures is a passion of mine. ,
@12,Grateful for the opportunity to mentor young lawyers. Paying it forward. ,
@12,Celebrated a successful case outcome with the team. Recognizing hard work and dedication. ,
@13,Conducted an experiment in the lab. Exploring the unknown. #ScienceLife #LabLife ,
@13,Attended a science conference. Networking and learning. #ScienceLife #ConferenceMode ,
@13,Went on a hike to clear my mind. Appreciating nature. #HikingAdventures #NatureTherapy ,
@13,Wrote a research paper. Sharing my findings. #ScienceLife #WriterLife ,
@13,Grateful for the chance to explore the world. Curiosity fuels me. #ScienceLife #CuriosityOverEverything ,
@13,Attended a science conference to present my research. Always eager to share my findings and learn from others. ,
@13,Proud to support my university by attending an alumni event. Giving back to my alma mater. ,
@13,Excited to travel to a new country this summer. Exploring different cultures is a passion of mine. ,
@13,Grateful for the opportunity to mentor young scientists. Paying it forward. ,
@13,Celebrated a successful experiment with the lab team. Recognizing the importance of collaboration. ,
@14,Taught a thought-provoking class. Inspiring minds matters. #EducatorLife #TeachingMatters ,
@14,Attended an education conference. Expanding my knowledge. #EducationMatters #ConferenceMode ,
@14,Went on a reflective walk in nature. Appreciating the moment. #MindfulnessMatters #NatureWalk ,
@14,Wrote a blog post on teaching philosophy. Sharing ideas. #EducatorLife #BloggerLife ,
@14,Grateful for the opportunity to shape young minds. Making a difference. #EducatorLife #MakingADifference ,
@14,Attended a conference on educational leadership. Always eager to learn about innovative approaches to education. ,
@14,Proud to support my school district by attending a community event. Building strong relationships with families. ,
@14,Excited to travel to a new country this summer. Exploring different cultures is a passion of mine. ,
@14,Grateful for the opportunity to mentor young teachers. Paying it forward. ,
@14,Celebrated the end of the school year with a staff picnic. Bonding over shared accomplishments. ,
@15,Launched a new business venture. Entrepreneurship is my passion. #StartupLife #BusinessOwner ,
@15,Attended a business conference. Networking and learning. #BusinessLife #ConferenceMode ,
@15,Went on a road trip with friends. Adventure is calling. #RoadTrippin #FriendshipGoals ,
@15,Wrote a blog post on entrepreneurship. Sharing my journey. #StartupLife #BloggerLife ,
@15,Grateful for the chance to create something new. Changing the world. #StartupLife #ChangeMaker ,
@15,Attended a business conference to network and learn. Always eager to expand my horizons. ,
@15,Proud to support my company by attending a charity fundraiser. Giving back to important causes. ,
@15,Excited to travel to a new country this summer. Exploring different cultures is a passion of mine. ,
@15,Grateful for the opportunity to mentor young entrepreneurs. Paying it forward. ,
@15,Celebrated a successful business deal with the team. Recognizing hard work and dedication. ,
@16,Painted a new masterpiece. Creativity flows. #ArtistLife #PaintingTime ,
@16,Attended an art exhibit opening. Appreciating beauty. #ArtLover #MuseumLife ,
@16,Went on an adventure with friends. Living in the moment. #FriendshipGoals #AdventureTime ,
@16,Wrote a poem about life. Expressing myself. #PoetryIsLife #WritersOfInstagram ,
@16,Grateful for the opportunity to create. Embracing the journey. #ArtistLife #GrowthMindset ,
@16,Joined an art collective to collaborate with other creatives. Expanding my artistic network. ,
@16,Attended an art fair to showcase my work. Appreciating the opportunity to share my passion with others. ,
@16,Excited to try a new recipe from a different cuisine. Exploring the world through food. ,
@16,Grateful for the chance to volunteer at a local art gallery. Helping others access and appreciate art. ,
@16,Celebrated the launch of my first solo exhibition. Cherishing the culmination of my hard work. ,
@17,Attended a political fundraiser. Supporting the cause. #PoliticalLife #FundraiserMode ,
@17,Went on a hike to clear my mind. Appreciating nature. #HikingAdventures #NatureTherapy ,
@17,Spoke at a town hall meeting. Engaging the community. #PoliticalLife #CommunityEngagement ,
@17,Wrote an op-ed on current events. Sharing my perspective. #PoliticalLife #OpEdLife ,
@17,Grateful for the chance to serve the people. Making a difference. #PoliticalLife #PublicService ,
@17,Attended a political conference to learn about the latest issues. Always eager to expand my knowledge. ,
@17,Proud to support my political party by attending a rally. Contributing to the causes I believe in. ,
@17,Excited to travel to a new country this summer. Exploring different cultures is a passion of mine. ,
@17,Grateful for the opportunity to mentor young political leaders. Paying it forward. ,
@17,Celebrated a successful election campaign with the team. Recognizing hard work and dedication. ,
@18,Volunteered at a local shelter. Helping those in need. #VolunteerLife #CommunityService ,
@18,Attended a social justice workshop. Learning and growing. #SocialJustice #SelfImprovement ,
@18,Wrote a blog post on mental health. Raising awareness. #MentalHealthMatters #BloggerLife ,
@18,Went on a hike with friends. Connecting with nature. #FriendshipGoals #HikingAdventures ,
@18,Grateful for the opportunity to make a difference. Changing lives. #SocialWork #MakingADifference ,
@18,Joined a social work organization to network and learn. Always eager to grow in my field. ,
@18,Attended a workshop on mindfulness and self-care. Prioritizing my own well-being to better support others. ,
@18,Excited to try a new recipe from a different cuisine. Exploring the world through food. ,
@18,Grateful for the chance to volunteer at a local community garden. Helping to build a more sustainable future. ,
@18,Celebrated a client's graduation from a program. Cherishing the meaningful moments in my work. ,
@19,Argued a case in court. Advocating for justice. #LawLife #CourtRoom ,
@19,Attended a legal conference. Expanding my knowledge. #LawLife #ConferenceMode ,
@19,Went on a camping trip to unwind. Appreciating nature. #CampingAdventures #NatureTherapy ,
@19,Wrote an article on legal reform. Sharing my perspective. #LawLife #WriterLife ,
@19,Grateful for the opportunity to make a difference. Changing lives. #LawLife #PublicService ,
@19,Attended a legal conference to learn about the latest developments. Always eager to expand my knowledge. ,
@19,Proud to support my law firm by attending a pro bono event. Giving back to the community through legal services. ,
@19,Excited to travel to a new country this summer. Exploring different cultures is a passion of mine. ,
@19,Grateful for the opportunity to mentor young lawyers. Paying it forward. ,
@19,Celebrated a successful case outcome with the client. Recognizing the impact of our work. ,
@20,Helped a patient recover. Healing hearts matters. #NurseLife #HealingPower ,
@20,Attended a healthcare conference. Expanding my knowledge. #NurseLife #ConferenceMode ,
@20,Went on a dance class with friends. Expressing joy. #DanceParty #FriendshipGoals ,
@20,Wrote a blog post on patient care. Sharing my insights. #NurseLife #BloggerLife ,
@20,Grateful for the chance to make a difference. Changing lives. #NurseLife #MakingADifference,
@20,Attended a healthcare conference to learn about innovative practices. Always eager to expand my knowledge. ,
@20,Proud to support my hospital by attending a fundraising gala. Giving back to the institution that supports my work. ,
@20,Excited to try a new recipe from a different cuisine. Exploring the world through food. ,
@20,Grateful for the opportunity to mentor young nurses. Paying it forward. ,
@20,Celebrated a patient's recovery with the care team. Recognizing the power of teamwork and compassion.,
