PersonID,PostID,Timestamp,PostContent,
@1,@P01,0,Just closed a huge deal at work! Feeling grateful for the opportunity to do what I love. #CareerGoals #HardWorkPaysOff ,
@1,@P02,0,Spent the weekend hiking in the mountains. Nature is the best therapy. #GetOutside #AdventureTime ,
@1,@P03,0,Excited to attend the symphony tonight. Music feeds the soul. #CultureClub #ClassicalMusic ,
@1,@P04,0,Proud to support my favorite charity at their annual gala. Giving back is important. #CommunityMatters #CharityEvent ,
@1,@P05,0,Celebrating 5 years with my amazing partner. Love is the greatest adventure of all. #RelationshipGoals #LoveWins ,
@1,@P06,0,Attended a thought-provoking lecture on the future of finance. Always eager to learn and grow. ,
@1,@P07,0,Proud to support my local community by volunteering at the food bank. Giving back is important. ,
@1,@P08,0,Excited to travel to a new country this summer. Exploring different cultures is a passion of mine. ,
@1,@P09,0,Grateful for the opportunity to mentor young professionals in my field. Paying it forward. ,
@1,@P10,0,Celebrated my partner's birthday with a romantic dinner. Cherishing the special moments in life. ,
@2,@P11,0,Marched for a cause I believe in today. Speaking up for what's right matters. #ActivistLife #MarchForChange ,
@2,@P12,0,Volunteered at the local animal shelter. Furry friends are the best. #DogsOfInstagram #AdoptDontShop ,
@2,@P13,0,Wrote a new poem. Creative expression is food for the soul. #PoetryIsLife #WritersOfInstagram ,
@2,@P14,0,Attended a thought-provoking lecture on social justice. Learning never stops. #EducationMatters #SocialJustice ,
@2,@P15,0,Grateful for the wonderful people in my life. Friendship is everything. #FriendshipGoals #BestFriendsForever ,
@2,@P16,0,Joined a book club to discuss thought-provoking literature. Expanding my mind through reading. ,
@2,@P17,0,Attended a protest to advocate for women's rights. Using my voice for positive change. ,
@2,@P18,0,Excited to try a new recipe from a different cuisine. Exploring the world through food. ,
@2,@P19,0,Grateful for the chance to volunteer at an animal shelter. Helping furry friends in need. ,
@2,@P20,0,Celebrated Pride Month by attending local LGBTQ+ events. Supporting equality and inclusivity. ,
@3,@P21,0,Launched a new product today! Entrepreneurship is in my blood. #StartupLife #InnovationNation ,
@3,@P22,0,Went on an epic road trip with friends. Adventure is calling. #RoadTrippin #FriendshipGoals ,
@3,@P23,0,Attended a tech conference. Networking and learning are key. #TechLife #ConferenceMode ,
@3,@P24,0,Proud to support my alma mater. Once a Trojan, always a Trojan. #CollegeLife #TrojanPride 
@3,@P25,0,Grateful for my health and happiness. Life is good. #GratitudeJournal #LifeIsGood ,
@3,@P26,0,Attended a TED Talk on the future of technology. Always eager to learn about the latest innovations. ,
@3,@P27,0,Proud to support my alma mater by attending a fundraising gala. Giving back to my roots. ,
@3,@P28,0,Excited to travel to a new country this summer. Exploring different cultures is a passion of mine. ,
@3,@P29,0,Grateful for the opportunity to mentor young entrepreneurs. Paying it forward. ,
@3,@P30,0,Celebrated my team's big win at the company softball game. Bonding with colleagues through sports. ,
@4,@P31,0,Finished reading a thought-provoking book. Knowledge is power. #ReadingList #BookWorm ,
@4,@P32,0,Went on a solo hike to clear my mind. Alone time is important. #SelfCare #HikingAdventures ,
@4,@P33,0,Attended a mindfulness workshop. Staying present is key. #MindfulnessMatters #SelfImprovement ,
@4,@P34,0,Wrote in my journal. Reflection is essential. #JournalJunkie #SelfDiscovery ,
@4,@P35,0,Grateful for the lessons learned. Growth is a journey. #LessonsLearned #GrowthMindset ,
@4,@P36,0,Joined a writing workshop to hone my creative skills. Expressing myself through the written word. ,
@4,@P37,0,Attended a mindfulness retreat to deepen my practice. Prioritizing self-care and inner peace. ,
@4,@P38,0,Excited to try a new recipe from a different cuisine. Exploring the world through food. ,
@4,@P39,0,Grateful for the chance to volunteer at a local library. Helping others access knowledge and resources. ,
@4,@P40,0,Celebrated the launch of my friend's new business. Supporting loved ones in their endeavors. ,
@5,@P41,0,Presented at a scientific conference. Sharing knowledge is crucial. #ScienceMatters #ConferenceMode ,
@5,@P42,0,Went on a camping trip to stargaze. Appreciating the universe. #CampingAdventures #StargazingParty ,
@5,@P43,0,Attended a lecture on quantum physics. Expanding my mind. #ScienceGeek #QuantumPhysics ,
@5,@P44,0,Proud to be a mentor to young scientists. Paying it forward. #MentorshipMatters #ScienceEducation ,
@5,@P45,0,Grateful for the pursuit of knowledge. Curiosity fuels me. #CuriosityOverEverything #LifelongLearner ,
@5,@P46,0,Attended a lecture on the latest advancements in quantum computing. Always eager to learn about cutting-edge science. ,
@5,@P47,0,Proud to support my favorite charity by participating in their annual fundraising walk. Giving back to important causes. ,
@5,@P48,0,Excited to travel to a new country this summer. Exploring different cultures is a passion of mine. ,
@5,@P49,0,Grateful for the opportunity to mentor young scientists. Paying it forward. ,
@5,@P50,0,Celebrated my wedding anniversary with a romantic getaway. Cherishing the special moments in life. ,
@6,@P51,0,Marched for justice and equality. Speaking up matters. #ActivistLife #MarchForChange ,
@6,@P52,0,Danced the night away with friends. Joy is contagious. #DanceParty #FriendshipGoals ,
@6,@P53,0,Attended a protest for a cause I believe in. Making my voice heard. #ActivistLife #ProtestPower ,
@6,@P54,0,Volunteered at a local shelter. Giving back feels good. #VolunteerLife #CommunityService ,
@6,@P55,0,Grateful for the passion to make a difference. Changing the world. #ActivistLife #ChangeMaker ,
@6,@P56,0,Joined a student organization advocating for social justice. Using my voice for positive change. ,
@6,@P57,0,Attended a protest to stand up against racial injustice. Advocating for equality and human rights. ,
@6,@P58,0,Excited to try a new recipe from a different cuisine. Exploring the world through food. ,
@6,@P59,0,Grateful for the chance to volunteer at a local community center. Helping others access resources and support. ,
@6,@P60,0,Celebrated the end of finals week with friends. Cherishing the bonds of friendship. ,
@7,@P61,0,Taught a thought-provoking class. Inspiring minds matters. #EducatorLife #TeachingMatters ,
@7,@P62,0,Went on a reflective walk in nature. Appreciating the moment. #MindfulnessMatters #NatureWalk ,
@7,@P63,0,Attended a workshop on educational reform. Improving the system. #EducationMatters #ReformMatters ,
@7,@P64,0,Wrote a blog post on teaching philosophy. Sharing ideas. #EducatorLife #BloggerLife ,
@7,@P65,0,Grateful for the opportunity to shape young minds. Making a difference. #EducatorLife #MakingADifference ,
@7,@P66,0,Attended a conference on educational technology. Always eager to learn about innovative teaching methods. ,
@7,@P67,0,Proud to support my local school district by attending a board meeting. Advocating for quality education. ,
@7,@P68,0,Excited to travel to a new country this summer. Exploring different cultures is a passion of mine. ,
@7,@P69,0,Grateful for the opportunity to mentor young teachers. Paying it forward. ,
@7,@P70,0,Celebrated the end of the school year with a staff party. Bonding with colleagues through shared experiences. ,
@8,@P71,0,Explored a new museum exhibit. Expanding my horizons. #ArtLover #MuseumLife ,
@8,@P72,0,Attended an art workshop. Creativity flows. #ArtistLife #CreativeJuices ,
@8,@P73,0,Went on a spontaneous adventure with friends. Living in the moment. #FriendshipGoals #AdventureTime ,
@8,@P74,0,Wrote a poem about life. Expressing myself. #PoetryIsLife #WritersOfInstagram ,
@8,@P75,0,Grateful for the opportunity to learn and grow. Embracing the journey. #StudentLife #GrowthMindset ,
@8,@P76,0,Joined an art club to explore different mediums and techniques. Expanding my creative horizons. ,
@8,@P77,0,Attended a museum exhibit showcasing diverse artists. Appreciating the power of art to inspire and challenge. ,
@8,@P78,0,Excited to try a new recipe from a different cuisine. Exploring the world through food. ,
@8,@P79,0,Grateful for the chance to volunteer at a local art center. Helping others access creative outlets. ,
@8,@P80,0,Celebrated the end of the semester with friends. Cherishing the bonds of friendship. ,
@9,@P81,0,Attended a town hall meeting to discuss local issues. Engaging with the community and advocating for change. ,
@9,@P82,0,Attended a political fundraiser. Supporting the cause. #PoliticalLife #FundraiserMode ,
@9,@P83,0,Went on a hike to clear my mind. Appreciating nature. #HikingAdventures #NatureTherapy ,
@9,@P84,0,Spoke at a town hall meeting. Engaging the community. #PoliticalLife #CommunityEngagement ,
@9,@P85,0,Wrote an op-ed on current events. Sharing my perspective. #PoliticalLife #OpEdLife ,
@9,@P86,0,Grateful for the chance to serve the people. Making a difference. #PoliticalLife #PublicService ,
@9,@P87,0,Proud to support my political party by attending a fundraising event. Contributing to the causes I believe in. ,
@9,@P88,0,Excited to travel to a new country this summer. Exploring different cultures is a passion of mine. ,
@9,@P89,0,Grateful for the opportunity to mentor young political leaders. Paying it forward. ,
@9,@P90,0,Celebrated a successful legislative session with colleagues. Bonding over shared goals and achievements. ,
@10,@P91,0,Volunteered at a local shelter. Helping those in need. #VolunteerLife #CommunityService ,
@10,@P92,0,Attended a social justice workshop. Learning and growing. #SocialJustice #SelfImprovement ,
@10,@P93,0,Wrote a blog post on mental health. Raising awareness. #MentalHealthMatters #BloggerLife ,
@10,@P94,0,Went on a hike with friends. Connecting with nature. #FriendshipGoals #HikingAdventures ,
@10,@P95,0,Grateful for the opportunity to make a difference. Changing lives. #SocialWork #MakingADifference ,
@10,@P96,0,Joined a social work organization to network and learn. Always eager to grow in my field. ,
@10,@P97,0,Attended a workshop on trauma-informed care. Deepening my knowledge to better support clients. ,
@10,@P98,0,Excited to try a new recipe from a different cuisine. Exploring the world through food. ,
@10,@P99,0,Grateful for the chance to volunteer at a local shelter. Helping those in need access vital resources. ,
@10,@P100,0,Celebrated a client's success story. Cherishing the meaningful moments in my work. ,
@11,@P101,0,Closed a big deal at work. Celebrating success. #FinanceLife #CareerWin ,
@11,@P102,0,Attended a finance conference. Networking and learning. #FinanceLife #ConferenceMode ,
@11,@P103,0,Went on a hike to recharge. Appreciating the outdoors. #HikingAdventures #NatureTherapy ,
@11,@P104,0,Wrote a blog post on investing. Sharing my knowledge. #FinanceLife #BloggerLife ,
@11,@P105,0,Grateful for the chance to make a difference. Helping others. #FinanceLife #MakingADifference ,
@11,@P106,0,Attended a finance conference to learn about emerging trends. Always eager to expand my knowledge. ,
@11,@P107,0,Proud to support my company by attending a team-building event. Bonding with colleagues through shared experiences. ,
@11,@P108,0,Excited to travel to a new country this summer. Exploring different cultures is a passion of mine. ,
@11,@P109,0,Grateful for the opportunity to mentor young finance professionals. Paying it forward. ,
@11,@P110,0,Celebrated a successful quarter with a team happy hour. Recognizing hard work and achievements. ,
@12,@P111,0,Argued a case in court. Advocating for justice. #LawLife #CourtRoom ,
@12,@P112,0,Attended a legal conference. Expanding my knowledge. #LawLife #ConferenceMode ,
@12,@P113,0,Went on a camping trip to unwind. Appreciating nature. #CampingAdventures #NatureTherapy ,
@12,@P114,0,Wrote an article on legal reform. Sharing my perspective. #LawLife #WriterLife ,
@12,@P115,0,Grateful for the opportunity to make a difference. Changing lives. #LawLife #PublicService ,
@12,@P116,0,Attended a legal conference to learn about the latest developments. Always eager to expand my knowledge. ,
@12,@P117,0,Proud to support my law firm by attending a client appreciation event. Building strong relationships. ,
@12,@P118,0,Excited to travel to a new country this summer. Exploring different cultures is a passion of mine. ,
@12,@P119,0,Grateful for the opportunity to mentor young lawyers. Paying it forward. ,
@12,@P120,0,Celebrated a successful case outcome with the team. Recognizing hard work and dedication. ,
@13,@P121,0,Conducted an experiment in the lab. Exploring the unknown. #ScienceLife #LabLife ,
@13,@P122,0,Attended a science conference. Networking and learning. #ScienceLife #ConferenceMode ,
@13,@P123,0,Went on a hike to clear my mind. Appreciating nature. #HikingAdventures #NatureTherapy ,
@13,@P124,0,Wrote a research paper. Sharing my findings. #ScienceLife #WriterLife ,
@13,@P125,0,Grateful for the chance to explore the world. Curiosity fuels me. #ScienceLife #CuriosityOverEverything ,
@13,@P126,0,Attended a science conference to present my research. Always eager to share my findings and learn from others. ,
@13,@P127,0,Proud to support my university by attending an alumni event. Giving back to my alma mater. ,
@13,@P128,0,Excited to travel to a new country this summer. Exploring different cultures is a passion of mine. ,
@13,@P129,0,Grateful for the opportunity to mentor young scientists. Paying it forward. ,
@13,@P130,0,Celebrated a successful experiment with the lab team. Recognizing the importance of collaboration. ,
@14,@P131,0,Taught a thought-provoking class. Inspiring minds matters. #EducatorLife #TeachingMatters ,
@14,@P132,0,Attended an education conference. Expanding my knowledge. #EducationMatters #ConferenceMode ,
@14,@P133,0,Went on a reflective walk in nature. Appreciating the moment. #MindfulnessMatters #NatureWalk ,
@14,@P134,0,Wrote a blog post on teaching philosophy. Sharing ideas. #EducatorLife #BloggerLife ,
@14,@P135,0,Grateful for the opportunity to shape young minds. Making a difference. #EducatorLife #MakingADifference ,
@14,@P136,0,Attended a conference on educational leadership. Always eager to learn about innovative approaches to education. ,
@14,@P137,0,Proud to support my school district by attending a community event. Building strong relationships with families. ,
@14,@P138,0,Excited to travel to a new country this summer. Exploring different cultures is a passion of mine. ,
@14,@P139,0,Grateful for the opportunity to mentor young teachers. Paying it forward. ,
@14,@P140,0,Celebrated the end of the school year with a staff picnic. Bonding over shared accomplishments. ,
@15,@P141,0,Launched a new business venture. Entrepreneurship is my passion. #StartupLife #BusinessOwner ,
@15,@P142,0,Attended a business conference. Networking and learning. #BusinessLife #ConferenceMode ,
@15,@P143,0,Went on a road trip with friends. Adventure is calling. #RoadTrippin #FriendshipGoals ,
@15,@P144,0,Wrote a blog post on entrepreneurship. Sharing my journey. #StartupLife #BloggerLife ,
@15,@P145,0,Grateful for the chance to create something new. Changing the world. #StartupLife #ChangeMaker ,
@15,@P146,0,Attended a business conference to network and learn. Always eager to expand my horizons. ,
@15,@P147,0,Proud to support my company by attending a charity fundraiser. Giving back to important causes. ,
@15,@P148,0,Excited to travel to a new country this summer. Exploring different cultures is a passion of mine. ,
@15,@P149,0,Grateful for the opportunity to mentor young entrepreneurs. Paying it forward. ,
@15,@P150,0,Celebrated a successful business deal with the team. Recognizing hard work and dedication. ,
@16,@P151,0,Painted a new masterpiece. Creativity flows. #ArtistLife #PaintingTime ,
@16,@P152,0,Attended an art exhibit opening. Appreciating beauty. #ArtLover #MuseumLife ,
@16,@P153,0,Went on an adventure with friends. Living in the moment. #FriendshipGoals #AdventureTime ,
@16,@P154,0,Wrote a poem about life. Expressing myself. #PoetryIsLife #WritersOfInstagram ,
@16,@P155,0,Grateful for the opportunity to create. Embracing the journey. #ArtistLife #GrowthMindset ,
@16,@P156,0,Joined an art collective to collaborate with other creatives. Expanding my artistic network. ,
@16,@P157,0,Attended an art fair to showcase my work. Appreciating the opportunity to share my passion with others. ,
@16,@P158,0,Excited to try a new recipe from a different cuisine. Exploring the world through food. ,
@16,@P159,0,Grateful for the chance to volunteer at a local art gallery. Helping others access and appreciate art. ,
@16,@P160,0,Celebrated the launch of my first solo exhibition. Cherishing the culmination of my hard work. ,
@17,@P161,0,Attended a political fundraiser. Supporting the cause. #PoliticalLife #FundraiserMode ,
@17,@P162,0,Went on a hike to clear my mind. Appreciating nature. #HikingAdventures #NatureTherapy ,
@17,@P163,0,Spoke at a town hall meeting. Engaging the community. #PoliticalLife #CommunityEngagement ,
@17,@P164,0,Wrote an op-ed on current events. Sharing my perspective. #PoliticalLife #OpEdLife ,
@17,@P165,0,Grateful for the chance to serve the people. Making a difference. #PoliticalLife #PublicService ,
@17,@P166,0,Attended a political conference to learn about the latest issues. Always eager to expand my knowledge. ,
@17,@P167,0,Proud to support my political party by attending a rally. Contributing to the causes I believe in. ,
@17,@P168,0,Excited to travel to a new country this summer. Exploring different cultures is a passion of mine. ,
@17,@P169,0,Grateful for the opportunity to mentor young political leaders. Paying it forward. ,
@17,@P170,0,Celebrated a successful election campaign with the team. Recognizing hard work and dedication. ,
@18,@P171,0,Volunteered at a local shelter. Helping those in need. #VolunteerLife #CommunityService ,
@18,@P172,0,Attended a social justice workshop. Learning and growing. #SocialJustice #SelfImprovement ,
@18,@P173,0,Wrote a blog post on mental health. Raising awareness. #MentalHealthMatters #BloggerLife ,
@18,@P174,0,Went on a hike with friends. Connecting with nature. #FriendshipGoals #HikingAdventures ,
@18,@P175,0,Grateful for the opportunity to make a difference. Changing lives. #SocialWork #MakingADifference ,
@18,@P176,0,Joined a social work organization to network and learn. Always eager to grow in my field. ,
@18,@P177,0,Attended a workshop on mindfulness and self-care. Prioritizing my own well-being to better support others. ,
@18,@P178,0,Excited to try a new recipe from a different cuisine. Exploring the world through food. ,
@18,@P179,0,Grateful for the chance to volunteer at a local community garden. Helping to build a more sustainable future. ,
@18,@P180,0,Celebrated a client's graduation from a program. Cherishing the meaningful moments in my work. ,
@19,@P181,0,Argued a case in court. Advocating for justice. #LawLife #CourtRoom ,
@19,@P182,0,Attended a legal conference. Expanding my knowledge. #LawLife #ConferenceMode ,
@19,@P183,0,Went on a camping trip to unwind. Appreciating nature. #CampingAdventures #NatureTherapy ,
@19,@P184,0,Wrote an article on legal reform. Sharing my perspective. #LawLife #WriterLife ,
@19,@P185,0,Grateful for the opportunity to make a difference. Changing lives. #LawLife #PublicService ,
@19,@P186,0,Attended a legal conference to learn about the latest developments. Always eager to expand my knowledge. ,
@19,@P187,0,Proud to support my law firm by attending a pro bono event. Giving back to the community through legal services. ,
@19,@P188,0,Excited to travel to a new country this summer. Exploring different cultures is a passion of mine. ,
@19,@P189,0,Grateful for the opportunity to mentor young lawyers. Paying it forward. ,
@19,@P190,0,Celebrated a successful case outcome with the client. Recognizing the impact of our work. ,
@20,@P191,0,Helped a patient recover. Healing hearts matters. #NurseLife #HealingPower ,
@20,@P192,0,Attended a healthcare conference. Expanding my knowledge. #NurseLife #ConferenceMode ,
@20,@P193,0,Went on a dance class with friends. Expressing joy. #DanceParty #FriendshipGoals ,
@20,@P194,0,Wrote a blog post on patient care. Sharing my insights. #NurseLife #BloggerLife ,
@20,@P195,0,Grateful for the chance to make a difference. Changing lives. #NurseLife #MakingADifference,
@20,@P196,0,Attended a healthcare conference to learn about innovative practices. Always eager to expand my knowledge. ,
@20,@P197,0,Proud to support my hospital by attending a fundraising gala. Giving back to the institution that supports my work. ,
@20,@P198,0,Excited to try a new recipe from a different cuisine. Exploring the world through food. ,
@20,@P199,0,Grateful for the opportunity to mentor young nurses. Paying it forward. ,
@20,@P200,0,Celebrated a patient's recovery with the care team. Recognizing the power of teamwork and compassion.,
