PersonID,Data,,,
@1,John is a driven and ambitious individual who believes in working hard to achieve his goals. He has a strong sense of responsibility and always strives to do his best in both his personal and professional life. John values loyalty and honesty in his relationships and expects the same from others. He has faced his fair share of challenges, including a difficult divorce a few years ago, but he has emerged stronger and more resilient. John is passionate about his career in finance and enjoys the intellectual stimulation it provides. In his free time, he likes to stay active by running and playing tennis. He also has a deep appreciation for the arts and enjoys visiting museums and attending concerts. John is a caring and supportive friend who is always there for those he cares about. He believes in the power of positive thinking and tries to inspire others with his optimism and determination.
@2,Emily is a compassionate and empathetic individual who has a deep concern for the well-being of others. She is passionate about social justice and works tirelessly to advocate for those who are marginalized or oppressed. Emily has a strong moral compass and is guided by her principles, even when it means going against the grain. She is a skilled communicator and has a talent for bringing people together and fostering understanding. Emily is also a creative soul who enjoys expressing herself through writing and art. She finds solace in nature and often goes on long hikes or camping trips to recharge and find inspiration. Emily values authenticity and honesty in her relationships and is not afraid to be vulnerable and share her true feelings. She is a loyal friend who is always there to lend an ear or offer a shoulder to lean on. Emily believes in the power of love and kindness to heal the world and strives to embody these qualities in her daily life.,,
@3,Michael is a confident and charismatic individual who has a natural ability to lead and inspire others. He is passionate about his work in the field of technology and is always eager to learn and grow. Michael has a strong entrepreneurial spirit and has started several successful businesses over the years. He is a risk-taker who is not afraid to take on new challenges and push the boundaries of what is possible. Michael values innovation and creativity and encourages those around him to think outside the box. He is also a skilled communicator who is able to effectively convey his ideas and vision to others. Michael has a wide circle of friends and acquaintances and is known for his ability to bring people together and foster a sense of community. He is a loyal and supportive friend who is always there to offer advice or a helping hand. Michael believes in the power of hard work and perseverance to achieve one's goals and strives to embody these qualities in his daily life.,,,
@4,Sophia is a thoughtful and introspective individual who has a deep appreciation for the complexities of life. She is passionate about learning and is always eager to expand her knowledge and understanding of the world around her. Sophia has a strong moral compass and is guided by her principles, even when it means making difficult choices. She is a skilled communicator who is able to effectively convey her ideas and feelings to others. Sophia values authenticity and honesty in her relationships and is not afraid to be vulnerable and share her true self. She is a loyal and supportive friend who is always there to offer a listening ear or a shoulder to lean on. Sophia finds solace in nature and often goes on long walks or hikes to clear her mind and find inspiration. She is a creative soul who enjoys expressing herself through writing and art. Sophia believes in the power of love and kindness to heal the world and strives to embody these qualities in her daily life.,,
@5,David is a pragmatic and logical individual who has a strong analytical mind. He is passionate about his work in the field of science and is always eager to explore new ideas and theories. David has a deep respect for knowledge and education and believes in the power of critical thinking to solve complex problems. He is a skilled communicator who is able to effectively convey his ideas and findings to others. David values honesty and integrity in his relationships and expects the same from those around him. He is a loyal and supportive friend who is always there to offer advice or a helping hand. David finds solace in nature and often goes on long hikes or camping trips to recharge and find inspiration. He is a curious soul who is always eager to learn and grow. David believes in the power of science and reason to improve the world and strives to embody these qualities in his daily life.,,,
@6,Olivia is a vibrant and energetic individual who has a zest for life. She is passionate about social justice and works tirelessly to advocate for those who are marginalized or oppressed. Olivia has a strong moral compass and is guided by her principles, even when it means going against the grain. She is a skilled communicator who is able to effectively convey her ideas and feelings to others. Olivia values authenticity and honesty in her relationships and is not afraid to be vulnerable and share her true self. She is a loyal and supportive friend who is always there to offer a listening ear or a shoulder to lean on. Olivia finds joy in the simple pleasures of life and often goes on spontaneous adventures with her friends. She is a creative soul who enjoys expressing herself through music and dance. Olivia believes in the power of love and kindness to change the world and strives to embody these qualities in her daily life.,,
@7,Christopher is a thoughtful and introspective individual who has a deep appreciation for the complexities of life. He is passionate about his work in the field of education and is always eager to inspire and empower those around him. Christopher has a strong moral compass and is guided by his principles, even when it means making difficult choices. He is a skilled communicator who is able to effectively convey his ideas and feelings to others. Christopher values authenticity and honesty in his relationships and is not afraid to be vulnerable and share his true self. He is a loyal and supportive friend who is always there to offer a listening ear or a shoulder to lean on. Christopher finds solace in nature and often goes on long walks or hikes to clear his mind and find inspiration. He is a creative soul who enjoys expressing himself through writing and art. Christopher believes in the power of education and empowerment to change the world and strives to embody these qualities in his daily life.,,
@8,Isabella is a curious and adventurous individual who has a thirst for knowledge and experience. She is passionate about her studies and is always eager to learn and grow. Isabella has a strong moral compass and is guided by her principles, even when it means going against the grain. She is a skilled communicator who is able to effectively convey her ideas and feelings to others. Isabella values authenticity and honesty in her relationships and is not afraid to be vulnerable and share her true self. She is a loyal and supportive friend who is always there to offer a listening ear or a shoulder to lean on. Isabella finds joy in the simple pleasures of life and often goes on spontaneous adventures with her friends. She is a creative soul who enjoys expressing herself through art and music. Isabella believes in the power of knowledge and experience to shape the world and strives to embody these qualities in her daily life.,,
@9,Matthew is a wise and experienced individual who has a deep understanding of the world around him. He is passionate about his work in the field of politics and is always eager to make a positive impact on society. Matthew has a strong moral compass and is guided by his principles, even when it means making difficult choices. He is a skilled communicator who is able to effectively convey his ideas and vision to others. Matthew values honesty and integrity in his relationships and expects the same from those around him. He is a loyal and supportive friend who is always there to offer advice or a helping hand. Matthew finds solace in nature and often goes on long hikes or camping trips to recharge and find inspiration. He is a curious soul who is always eager to learn and grow. Matthew believes in the power of politics and civic engagement to change the world and strives to embody these qualities in his daily life.,,
@10,Mia is a compassionate and empathetic individual who has a deep concern for the well-being of others. She is passionate about her work in the field of social services and is always eager to help those in need. Mia has a strong moral compass and is guided by her principles, even when it means making difficult choices. She is a skilled communicator who is able to effectively convey her ideas and feelings to others. Mia values authenticity and honesty in her relationships and is not afraid to be vulnerable and share her true self. She is a loyal and supportive friend who is always there to offer a listening ear or a shoulder to lean on. Mia finds joy in the simple pleasures of life and often goes on spontaneous adventures with her friends. She is a creative soul who enjoys expressing herself through writing and art. Mia believes in the power of compassion and empathy to change the world and strives to embody these qualities in her daily life.,,
@11,Daniel is a pragmatic and logical individual who has a strong analytical mind. He is passionate about his work in the field of finance and is always eager to find innovative solutions to complex problems. Daniel has a deep respect for knowledge and education and believes in the power of critical thinking to make informed decisions. He is a skilled communicator who is able to effectively convey his ideas and findings to others. Daniel values honesty and integrity in his relationships and expects the same from those around him. He is a loyal and supportive friend who is always there to offer advice or a helping hand. Daniel finds solace in nature and often goes on long hikes or camping trips to recharge and find inspiration. He is a curious soul who is always eager to learn and grow. Daniel believes in the power of financial literacy and responsible investing to improve the world and strives to embody these qualities in his daily life.,,,
@12,Ava is a wise and experienced individual who has a deep understanding of the world around her. She is passionate about her work in the field of law and is always eager to fight for justice and protect the rights of others. Ava has a strong moral compass and is guided by her principles, even when it means making difficult choices. She is a skilled communicator who is able to effectively convey her ideas and arguments to others. Ava values honesty and integrity in her relationships and expects the same from those around her. She is a loyal and supportive friend who is always there to offer advice or a helping hand. Ava finds solace in nature and often goes on long hikes or camping trips to recharge and find inspiration. She is a curious soul who is always eager to learn and grow. Ava believes in the power of the law and civic engagement to change the world and strives to embody these qualities in her daily life.,,
@13,Joseph is a curious and adventurous individual who has a thirst for knowledge and experience. He is passionate about his studies in the field of science and is always eager to explore new ideas and theories. Joseph has a strong moral compass and is guided by his principles, even when it means going against the grain. He is a skilled communicator who is able to effectively convey his ideas and findings to others. Joseph values authenticity and honesty in his relationships and is not afraid to be vulnerable and share his true self. He is a loyal and supportive friend who is always there to offer a listening ear or a shoulder to lean on. Joseph finds joy in the simple pleasures of life and often goes on spontaneous adventures with his friends. He is a creative soul who enjoys expressing himself through art and music. Joseph believes in the power of science and reason to improve the world and strives to embody these qualities in his daily life.,,
@14,Emma is a thoughtful and introspective individual who has a deep appreciation for the complexities of life. She is passionate about her work in the field of education and is always eager to inspire and empower those around her. Emma has a strong moral compass and is guided by her principles, even when it means making difficult choices. She is a skilled communicator who is able to effectively convey her ideas and feelings to others. Emma values authenticity and honesty in her relationships and is not afraid to be vulnerable and share her true self. She is a loyal and supportive friend who is always there to offer a listening ear or a shoulder to lean on. Emma finds solace in nature and often goes on long walks or hikes to clear her mind and find inspiration. She is a creative soul who enjoys expressing herself through writing and art. Emma believes in the power of education and empowerment to change the world and strives to embody these qualities in her daily life.,,
@15,Robert is a confident and charismatic individual who has a natural ability to lead and inspire others. He is passionate about his work in the field of business and is always eager to find innovative solutions to complex problems. Robert has a strong entrepreneurial spirit and has started several successful businesses over the years. He is a risk-taker who is not afraid to take on new challenges and push the boundaries of what is possible. Robert values innovation and creativity and encourages those around him to think outside the box. He is also a skilled communicator who is able to effectively convey his ideas and vision to others. Robert has a wide circle of friends and acquaintances and is known for his ability to bring people together and foster a sense of community. He is a loyal and supportive friend who is always there to offer advice or a helping hand. Robert believes in the power of hard work and perseverance to achieve one's goals and strives to embody these qualities in his daily life.,,,
@16,Isabella is a vibrant and energetic individual who has a zest for life. She is passionate about her studies in the field of art and is always eager to express herself creatively. Isabella has a strong moral compass and is guided by her principles, even when it means going against the grain. She is a skilled communicator who is able to effectively convey her ideas and feelings to others. Isabella values authenticity and honesty in her relationships and is not afraid to be vulnerable and share her true self. She is a loyal and supportive friend who is always there to offer a listening ear or a shoulder to lean on. Isabella finds joy in the simple pleasures of life and often goes on spontaneous adventures with her friends. She is a creative soul who enjoys expressing herself through painting, drawing, and sculpture. Isabella believes in the power of art and self-expression to change the world and strives to embody these qualities in her daily life.
@17,William is a wise and experienced individual who has a deep understanding of the world around him. He is passionate about his work in the field of politics and is always eager to make a positive impact on society. William has a strong moral compass and is guided by his principles, even when it means making difficult choices. He is a skilled communicator who is able to effectively convey his ideas and vision to others. William values honesty and integrity in his relationships and expects the same from those around him. He is a loyal and supportive friend who is always there to offer advice or a helping hand. William finds solace in nature and often goes on long hikes or camping trips to recharge and find inspiration. He is a curious soul who is always eager to learn and grow. William believes in the power of politics and civic engagement to change the world and strives to embody these qualities in his daily life.,,
@18,Sophia is a compassionate and empathetic individual who has a deep concern for the well-being of others. She is passionate about her work in the field of social services and is always eager to help those in need. Sophia has a strong moral compass and is guided by her principles, even when it means making difficult choices. She is a skilled communicator who is able to effectively convey her ideas and feelings to others. Sophia values authenticity and honesty in her relationships and is not afraid to be vulnerable and share her true self. She is a loyal and supportive friend who is always there to offer a listening ear or a shoulder to lean on. Sophia finds joy in the simple pleasures of life and often goes on spontaneous adventures with her friends. She is a creative soul who enjoys expressing herself through writing and art. Sophia believes in the power of compassion and empathy to change the world and strives to embody these qualities in her daily life.,,
@19,James is a wise and experienced individual who has a deep understanding of the world around him. He is passionate about his work in the field of law and is always eager to fight for justice and protect the rights of others. James has a strong moral compass and is guided by his principles, even when it means making difficult choices. He is a skilled communicator who is able to effectively convey his ideas and arguments to others. James values honesty and integrity in his relationships and expects the same from those around him. He is a loyal and supportive friend who is always there to offer advice or a helping hand. James finds solace in nature and often goes on long hikes or camping trips to recharge and find inspiration. He is a curious soul who is always eager to learn and grow. James believes in the power of the law and civic engagement to change the world and strives to embody these qualities in his daily life.,,
@20,Mia is a vibrant and energetic individual who has a zest for life. She is passionate about her work in the field of healthcare and is always eager to help others and make a positive impact. Mia has a strong moral compass and is guided by her principles, even when it means going against the grain. She is a skilled communicator who is able to effectively convey her ideas and feelings to others. Mia values authenticity and honesty in her relationships and is not afraid to be vulnerable and share her true self. She is a loyal and supportive friend who is always there to offer a listening ear or a shoulder to lean on. Mia finds joy in the simple pleasures of life and often goes on spontaneous adventures with her friends. She is a creative soul who enjoys expressing herself through dance and music. Mia believes in the power of compassion and empathy to heal the world and strives to embody these qualities in her daily life. Despite facing her own challenges, including a difficult childhood and financial struggles, Mia remains optimistic and resilient. She draws strength from her faith and the support of her close-knit family. Mia is determined to make a difference in the lives of her patients and to inspire those around her with her kindness and positivity. She is a true force of nature who lights up every room she enters with her infectious smile and warm personality.
